Time Interval,F1,F2,F3,F4,F5,F6
0,0,0,0,0,0,0
1,0,0,0,0,0,0
2,0,0,0,0,0,0
3,0,0,0,0,0,0
4,0,0,0,0,0,0
5,0,0,0,0,0,0
6,0,0,0,0,0,0
7,0,0,0,0,0,0
8,0,0,0,0,0,0
9,0,0,0,0,0,0
10,0,0,0,0,0,0
11,0,0,0,0,0,0
12,0,0,0,0,0,0
13,0,0,0,0,0,0
14,0,0,0,0,0,0
15,0,0,0,0,0,0
16,0,0,0,0,0,0
17,0,0,0,0,0,0
18,0,0,0,0,0,0
19,0,0,0,0,0,0
20,0,0,0,0,0,0
21,0,0,0,0,0,0
22,0,0,0,0,0,0
23,0,0,0,0,0,0
24,0,0,0,0,0,0
25,0,0,0,0,0,0
26,0,0,0,0,0,0
27,0,0,0,0,0,0
28,0,0,0,0,0,0
29,0,0,0,0,0,0
30,0,0,0,0,0,0
31,0,0,0,0,0,0
32,0,0,0,0,0,0
33,0,0,0,0,0,0
34,0,0,0,0,0,0
35,0,0,0,0,0,0
36,0,0,0,0,0,0
37,0,0,0,0,0,0
38,0,0,0,0,0,0
39,0,0,0,0,0,0
40,0,0,0,0,0,0
41,0,0,0,0,0,0
42,0,0,0,0,0,0
43,0,0,0,0,0,0
44,0,0,0,0,0,0
45,0,0,0,0,0,0
46,0,0,0,0,0,0
47,0,0,0,0,0,0
48,0,0,0,0,0,0
49,0,0,0,0,0,0
50,0,0,0,0,0,0
51,0,0,0,0,0,0
52,0,0,0,0,0,0
53,0,0,0,0,0,0
54,0,0,0,0,0,0
55,0,0,0,0,0,0
56,0,0,0,0,0,0
57,0,0,0,0,0,0
58,0,0,0,0,0,0
59,0,0,0,0,0,0
60,0,0,0,0,0,0
61,0,0,7,11,19,23
62,59,71,75,79,83,87
63,123,127,131,135,139,139
64,167,171,171,171,175,175
65,187,191,191,191,191,191
66,191,191,191,191,191,191
67,179,175,175,175,171,171
68,159,151,147,147,143,143
69,139,127,127,123,119,119
70,115,107,103,103,99,95
71,63,55,55,51,43,39
72,19,15,11,7,0,0
73,0,0,0,0,0,0
74,0,0,0,0,0,0
75,0,0,0,0,0,0
76,0,0,0,0,0,0
77,0,0,0,0,0,0
78,0,0,0,0,0,0
79,0,0,0,0,0,0
80,0,0,0,0,0,0
81,0,0,0,0,0,0
82,0,0,0,0,0,0
83,0,0,0,0,0,0
84,0,0,0,0,0,0
85,0,0,0,0,0,0
86,0,0,0,0,0,0
87,0,0,0,0,0,0
88,0,0,0,0,0,0
89,0,0,0,0,0,0
90,0,0,0,0,0,0
91,0,0,0,0,0,0
92,0,0,0,0,0,0
93,0,0,0,0,0,0
94,0,0,0,0,0,0
95,0,0,0,0,0,0
96,0,0,0,0,0,0
97,0,0,0,0,0,0
98,0,0,0,0,0,0
99,0,0,0,0,0,0
100,0,0,0,0,0,0
101,0,0,0,0,0,0
102,0,0,0,0,0,0
103,0,0,0,0,0,0
104,0,0,0,0,0,0
105,0,0,0,0,0,0
106,0,0,0,0,0,0
107,0,0,0,0,0,0
108,0,0,0,0,0,0
109,0,0,0,0,0,0
110,0,0,0,0,0,0
111,0,0,0,0,0,0
112,0,0,0,0,0,0
113,0,0,0,0,0,0
114,0,0,0,0,0,0
115,0,0,0,0,0,0
116,0,0,0,0,0,0
117,0,3,7,7,11,15
118,15,19,19,23,27,27
119,27,27,27,27,27,27
120,31,27,27,27,23,23
121,31,23,23,23,15,15
122,23,19,19,15,11,11
123,7,7,7,7,7,7
124,0,0,0,0,0,0
125,0,0,0,0,0,0
126,0,0,0,0,0,0
127,0,0,0,0,0,0
128,0,0,0,0,0,0
129,0,0,0,0,0,0
130,0,0,0,0,0,0
131,0,0,0,3,7,7
132,19,19,19,23,27,27
133,27,31,31,31,39,39
134,35,39,39,43,47,47
135,71,71,75,75,75,79
136,91,91,91,91,91,95
137,103,103,103,99,103,103
138,107,107,103,103,107,107
139,111,107,107,107,107,111
140,119,115,115,115,115,115
141,127,123,123,123,119,119
142,131,127,127,123,123,119
143,127,123,123,123,115,115
144,119,115,115,111,107,103
145,91,83,83,79,71,71
146,71,67,67,63,59,59
147,55,55,55,55,55,55
148,43,43,47,47,47,47
149,27,27,27,27,27,27
150,0,0,0,0,0,0
151,0,0,0,0,0,0
152,0,0,0,0,0,0
153,0,0,0,0,0,0
154,0,0,0,0,0,0
155,0,0,0,0,0,0
156,0,0,0,0,0,0
157,0,0,0,0,0,0
158,0,0,0,0,0,0
159,0,0,0,0,0,0
160,0,0,0,0,0,0
161,0,0,0,0,0,0
162,0,0,0,0,0,0
163,0,0,0,0,0,0
164,0,0,0,0,0,0
165,0,0,0,0,0,0
166,0,0,0,0,0,0
167,0,0,0,0,0,0
168,0,0,0,0,0,0
169,0,0,0,0,0,0
170,0,0,0,0,0,0
171,0,0,0,0,0,0
172,0,0,0,0,0,0
173,0,0,0,0,0,0
174,0,0,0,0,0,0
175,0,0,0,0,0,0
176,0,0,0,0,0,0
177,0,0,0,0,0,0
178,0,0,0,0,0,0
179,0,0,0,0,0,0
180,0,0,0,0,0,0
181,0,0,0,0,0,0
182,0,0,0,0,0,0
183,0,0,0,0,0,0
184,0,0,0,0,0,0
185,0,0,0,0,0,0
186,0,0,0,0,0,0
187,0,0,0,0,0,0
188,0,0,0,0,0,0
189,0,0,0,0,0,0
190,19,19,23,23,23,23
191,7,7,7,7,11,11
192,0,0,0,0,0,0
193,0,0,0,0,0,0
194,0,0,0,0,0,0
195,0,0,0,0,0,0
196,0,0,0,0,0,0
197,0,0,0,0,0,0
198,43,83,99,115,147,163
199,255,255,255,255,255,255
200,255,255,255,255,255,255
201,255,255,255,255,255,255
202,255,255,255,255,255,255
203,255,255,255,255,255,255
204,255,255,255,255,255,255
205,255,255,255,255,255,255
206,255,255,255,255,255,255
207,115,107,107,103,99,99
208,0,0,0,0,0,0
209,0,0,0,0,0,0
210,0,0,0,0,0,0
211,0,0,0,0,0,0
212,0,0,0,0,0,0
213,0,0,0,0,0,0
214,0,0,0,0,0,0
215,0,0,0,3,11,15
216,19,31,35,39,47,51
217,47,55,59,59,67,67
218,59,63,63,67,71,71
219,51,51,51,55,55,55
220,7,15,15,19,27,31
221,83,95,99,103,111,115
222,183,191,191,195,203,203
223,255,255,255,255,255,255
224,255,255,255,255,255,255
225,255,255,255,255,255,255
226,255,255,255,255,255,255
227,255,255,255,255,255,255
228,231,223,219,215,211,211
229,191,187,183,179,171,171
230,131,123,119,119,115,115
231,91,87,87,87,91,91
232,59,63,63,63,71,75
233,39,39,43,43,51,55
234,15,15,19,19,23,27
235,0,0,0,0,3,7
236,0,0,0,0,0,3
237,11,11,11,15,15,19
238,59,55,55,55,55,55
239,95,95,95,95,95,95
240,123,123,123,123,123,123
241,131,131,131,131,131,131
242,123,123,123,123,119,119
243,111,107,107,107,107,107
244,91,87,87,87,87,91
245,79,79,75,79,79,83
246,87,87,87,87,91,95
247,123,127,127,127,131,135
248,167,171,171,175,175,175
249,207,211,211,211,211,211
250,227,227,231,231,227,227
251,231,231,231,231,231,231
252,207,211,211,211,211,207
253,191,191,187,187,187,187
254,159,159,155,155,151,151
255,115,115,111,111,107,103
256,59,55,55,55,47,47
257,0,0,0,0,0,0
258,0,0,0,0,0,0
259,0,0,0,0,0,0
260,0,0,0,0,0,0
261,0,0,0,0,0,0
262,0,0,0,0,0,0
263,0,0,0,0,0,0
264,91,87,83,79,71,67
265,171,167,163,159,147,143
266,219,215,211,207,195,191
267,235,231,227,223,215,207
268,227,223,219,215,203,199
269,199,191,187,183,175,175
270,159,151,147,143,139,135
271,131,123,119,115,111,111
272,111,107,103,103,99,99
273,91,91,91,91,91,95
274,75,75,75,75,75,75
275,39,39,39,39,39,43
276,0,0,0,0,0,0
277,0,0,0,0,0,0
278,0,0,0,0,0,0
279,0,0,0,0,0,0
280,0,0,0,0,0,0
281,0,0,0,0,0,0
282,0,0,0,0,0,0
283,0,0,0,0,0,0
284,135,131,131,127,127,127
285,171,167,167,163,163,159
286,183,179,175,175,171,171
287,179,171,167,167,163,163
288,163,155,151,147,147,147
289,147,139,139,135,135,135
290,143,143,139,139,143,143
291,155,155,155,155,159,159
292,171,171,171,171,171,171
293,187,183,183,183,183,183
294,207,203,203,203,203,203
295,219,219,219,219,223,223
296,239,239,239,243,247,251
297,255,255,255,255,255,255
298,255,255,255,255,255,255
299,255,255,255,255,255,255
300,255,255,255,255,255,255
301,255,255,255,255,255,255
302,255,255,255,255,255,255
303,231,235,235,239,239,243
304,179,179,183,183,187,187
305,0,0,0,0,0,0
306,0,0,0,0,0,0
307,0,0,0,0,0,0
308,0,0,0,0,0,0
309,0,0,0,0,0,0
310,0,0,0,0,0,0
311,0,0,0,0,0,0
312,0,0,0,0,0,0
313,255,255,255,255,255,255
314,239,223,215,207,195,187
315,127,127,127,127,127,127
316,127,127,127,127,127,127
317,127,127,127,127,127,127
318,127,127,127,127,127,127
319,127,127,127,127,127,127
320,127,127,127,127,127,127
321,127,127,127,127,127,127
322,127,127,127,127,127,127
323,127,127,127,127,127,131
324,167,175,179,179,183,183
325,219,231,235,239,239,243
326,255,255,255,255,255,255
327,255,255,255,255,255,255
328,255,255,255,255,255,255
329,255,255,255,255,255,255
330,255,255,255,255,255,255
331,255,255,255,255,255,255
332,255,255,255,255,255,255
333,255,255,255,255,255,255
334,255,255,255,255,255,255
335,255,255,255,255,255,255
336,255,255,255,255,255,255
337,255,255,255,255,255,255
338,255,255,255,255,255,255
339,255,255,255,255,255,255
340,255,255,255,255,255,255
341,255,255,255,255,255,255
342,255,255,255,255,255,255
343,255,255,255,255,255,255
344,255,255,255,255,255,255
345,255,255,255,255,255,255
346,255,255,255,255,255,255
347,255,255,255,255,255,255
348,255,255,255,255,255,255
349,255,255,255,255,255,255
350,255,255,255,255,255,255
351,255,255,255,255,255,255
352,255,255,255,255,255,255
353,255,255,255,255,255,255
354,255,255,255,255,255,255
355,255,255,255,255,255,255
356,255,255,255,255,255,255
357,255,255,255,255,255,255
358,255,255,255,255,255,255
359,255,255,255,255,255,255
360,255,255,255,255,255,255
361,255,255,255,255,255,255
362,255,255,255,255,255,255
363,255,255,255,255,255,255
364,255,255,255,255,255,255
365,255,255,255,255,255,255
366,255,255,255,255,255,255
367,255,255,255,255,255,255
368,255,255,255,255,255,255
369,255,255,255,255,255,255
370,255,255,255,255,255,255
371,255,255,255,255,255,255
372,251,247,243,239,231,227
373,223,223,219,219,211,211
374,219,215,215,215,215,211
375,215,215,215,215,215,211
376,211,211,211,207,203,203
377,203,199,199,195,191,187
378,191,187,187,187,179,179
379,191,187,187,187,187,187
380,227,227,227,231,235,239
381,243,251,255,255,255,255
382,255,255,255,255,255,255
383,255,255,255,255,255,255
384,255,255,255,255,255,255
385,255,255,255,255,255,255
386,255,255,255,255,255,255
387,255,255,255,255,255,255
388,255,255,255,255,255,255
389,255,255,255,255,255,255
390,255,255,255,255,255,255
391,255,255,255,255,255,255
392,255,255,255,255,255,255
393,255,255,255,255,255,255
394,255,255,255,255,255,255
395,255,255,255,255,255,255
396,255,255,255,255,251,247
397,211,203,199,191,179,175
398,143,135,131,127,119,115
399,95,87,83,79,71,67
400,63,59,55,51,47,43
401,43,43,47,43,43,43
402,23,23,23,23,23,23
403,0,0,0,0,0,0
404,0,0,0,0,0,0
405,0,0,0,0,0,0
406,0,0,0,0,0,0
407,0,0,0,0,0,0
408,0,0,0,0,0,0
409,0,0,0,0,0,0
410,0,0,0,0,0,0
411,0,0,0,0,0,0
412,0,0,0,0,0,0
413,0,0,0,0,0,0
414,0,0,0,0,0,0
415,0,0,0,0,0,0
416,0,0,0,0,0,0
417,19,15,15,11,3,3
418,95,91,87,83,75,71
419,147,139,139,135,127,119
420,171,167,167,163,155,151
421,179,175,175,171,163,159
422,167,163,163,163,159,159
423,175,171,171,167,167,167
424,187,183,183,183,183,183
425,195,195,195,195,199,203
426,207,207,207,207,215,219
427,231,231,231,231,235,235
428,255,255,255,255,255,255
429,255,255,255,255,255,255
430,255,255,255,255,255,255
431,255,255,255,255,255,255
432,255,255,255,255,255,255
433,255,255,255,255,255,255
434,255,255,255,255,255,255
435,255,255,255,255,255,255
436,255,255,255,255,255,255
437,255,255,255,255,255,255
438,255,255,255,255,255,255
439,255,255,255,255,255,255
440,255,255,255,255,255,255
441,255,255,255,255,255,255
442,255,255,255,255,255,255
443,255,255,255,255,255,255
444,255,255,255,255,255,255
445,255,255,255,255,255,255
446,255,255,255,255,255,255
447,255,255,255,255,251,251
448,255,255,255,255,251,251
449,255,255,255,255,255,251
450,251,251,251,251,251,251
451,243,243,243,243,243,243
452,239,235,235,235,235,239
453,231,223,223,223,227,231
454,223,223,227,231,235,235
455,243,243,247,251,255,255
456,255,255,255,255,255,255
457,255,255,255,255,255,255
458,255,255,255,255,255,255
459,255,255,255,255,255,255
460,255,255,255,255,255,255
461,255,255,255,255,255,255
462,255,255,255,255,255,255
463,247,247,247,247,251,251
464,239,239,239,239,243,243
465,235,239,239,239,239,239
466,235,235,235,235,239,239
467,227,231,231,231,231,231
468,223,223,223,227,227,227
469,219,223,223,223,223,223
470,215,219,219,223,223,223
471,215,219,219,223,223,227
472,223,223,223,227,227,227
473,231,231,231,231,227,223
474,243,243,239,239,231,227
475,255,255,255,255,255,255
476,255,255,255,255,255,255
477,255,255,255,255,255,255
478,255,255,255,255,255,255
479,255,255,255,255,255,255
480,255,255,255,255,255,255
481,255,255,255,255,255,255
482,255,255,255,255,255,255
483,255,255,255,255,255,255
484,255,255,255,255,255,255
485,255,255,255,255,255,255
486,255,255,255,255,255,255
487,255,255,255,255,255,255
488,255,255,255,255,255,255
489,255,255,255,255,255,255
490,255,255,255,255,255,255
491,255,255,255,255,255,255
492,255,255,255,255,255,255
493,255,255,255,255,255,255
494,255,255,255,255,255,255
495,255,255,255,255,255,255
496,255,255,255,255,255,255
497,255,255,255,255,255,255
498,255,255,255,255,255,255
499,255,255,255,255,255,255
500,255,255,255,255,255,255
501,255,255,255,255,255,255
502,255,255,255,255,255,255
503,255,255,255,255,255,255
504,255,255,255,255,255,255
505,255,255,255,255,255,255
506,255,255,255,255,255,255
507,255,255,255,255,255,255
508,255,255,255,255,255,255
509,255,255,255,255,255,255
510,255,255,255,255,255,255
511,255,255,255,255,255,255
512,255,255,255,255,255,255
513,255,255,255,255,255,255
514,255,255,255,255,255,255
515,255,255,255,255,255,255
516,255,255,255,255,255,255
517,255,255,255,255,255,255
518,255,255,255,255,255,255
519,255,255,255,255,255,255
520,255,255,255,255,255,255
521,255,255,255,255,255,255
522,255,255,255,255,255,255
523,255,255,255,255,255,255
524,255,255,255,255,255,255
525,255,255,255,255,255,255
526,255,255,255,255,255,255
527,255,255,255,255,255,255
528,255,255,255,255,255,255
529,255,255,255,255,255,255
530,255,255,255,255,255,255
531,255,255,255,255,255,255
532,255,255,255,255,255,255
533,255,255,255,255,255,255
534,255,255,255,255,255,255
535,255,255,255,255,255,255
536,255,255,255,255,255,255
537,255,255,255,255,255,255
538,255,255,255,255,247,243
539,235,231,231,227,223,223
540,243,243,243,239,239,239
541,255,255,255,255,255,255
542,255,255,255,255,255,255
543,255,255,255,255,255,255
544,255,255,255,255,255,255
545,255,255,255,255,255,255
546,255,255,255,255,255,255
547,255,255,255,255,255,255
548,255,255,255,255,255,255
549,255,255,255,255,255,255
550,255,255,255,255,255,255
551,255,255,255,255,255,255
552,255,255,255,255,255,255
553,255,255,255,255,255,255
554,255,255,255,255,255,255
555,255,255,255,255,255,251
556,255,255,251,247,243,243
557,255,255,251,251,243,239
558,255,255,255,255,247,243
559,255,255,255,255,251,247
560,255,255,255,255,247,243
561,243,235,231,223,215,207
562,215,207,203,195,187,183
563,183,179,179,175,163,159
564,167,163,159,159,151,147
565,143,139,135,135,127,123
566,119,115,107,103,95,95
567,99,87,83,79,71,67
568,79,71,67,63,59,59
569,63,55,51,51,51,55
570,51,43,43,43,43,47
571,63,55,55,51,47,47
572,83,75,71,67,63,59
573,95,87,83,79,71,67
574,99,91,87,83,75,71
575,87,83,83,79,75,71
576,91,95,95,95,103,103
577,191,199,207,215,227,231
578,255,255,255,255,255,255
579,255,255,255,255,255,255
580,223,219,219,219,219,219
581,183,179,179,179,179,179
582,175,171,171,167,163,163
583,191,191,191,187,187,187
584,211,215,215,215,215,215
585,223,231,231,235,235,239
586,239,243,247,251,255,255
587,255,255,255,255,255,255
588,255,255,255,255,255,255
589,255,255,255,255,255,255
590,255,255,255,255,255,255
591,255,255,255,255,255,255
592,255,255,255,255,255,255
593,255,255,255,255,255,255
594,255,255,255,255,255,255
595,255,255,255,255,255,255
596,255,255,255,255,255,255
597,255,255,255,255,255,255
598,255,255,255,255,255,255
599,255,255,255,255,255,255
600,255,255,255,255,255,255
601,255,255,255,255,255,255
602,255,255,255,255,255,255
603,255,255,255,255,255,255
604,255,255,255,255,255,255
605,255,255,255,255,255,255
606,255,255,255,255,255,255
607,255,255,255,255,255,255
608,255,255,255,255,255,255
609,255,255,255,255,255,255
610,255,255,255,255,255,255
611,255,255,255,255,255,255
612,255,255,255,255,255,255
613,255,255,255,255,255,255
614,255,255,255,255,255,255
615,255,255,255,255,255,255
616,255,255,255,255,255,255
617,255,255,255,255,255,255
618,255,255,255,255,255,255
619,255,255,255,255,255,255
620,255,255,255,255,255,255
621,255,255,255,255,255,255
622,255,255,255,255,255,255
623,255,255,255,255,255,255
624,255,255,255,255,255,255
625,255,255,255,255,255,255
626,255,255,255,255,255,255
627,255,255,255,255,255,255
628,255,255,255,255,255,255
629,255,255,255,255,255,255
630,255,255,255,255,255,255
631,255,255,255,255,255,255
632,255,255,255,255,255,255
633,255,255,255,255,255,255
634,255,255,255,255,247,239
635,255,251,247,243,235,231
636,255,251,247,247,243,239
637,255,255,251,251,247,247
638,255,255,255,255,255,255
639,255,255,255,255,255,255
640,255,255,255,255,255,255
641,255,255,255,255,255,255
642,255,255,255,255,255,255
643,255,255,255,255,255,255
644,255,255,255,255,255,255
645,255,255,255,255,255,255
646,255,255,255,255,255,255
647,255,255,255,255,255,255
648,255,255,255,255,255,255
649,255,255,255,255,255,255
650,251,247,247,243,243,243
651,247,239,239,235,235,235
652,247,243,239,239,235,235
653,255,251,247,247,243,247
654,255,255,255,255,255,255
655,255,255,255,255,255,255
656,255,255,255,255,255,255
657,255,255,255,255,255,255
658,255,255,255,255,255,255
659,251,255,255,255,255,255
660,231,235,239,243,247,247
661,219,223,227,231,239,239
662,211,215,219,223,231,231
663,211,215,219,223,227,231
664,223,227,231,231,235,239
665,235,239,243,243,247,247
666,247,247,251,251,255,255
667,255,255,255,255,255,255
668,255,255,255,255,255,255
669,255,255,255,255,255,255
670,255,255,255,255,255,255
671,255,255,255,255,255,255
672,255,255,255,255,255,255
673,255,255,255,255,255,255
674,255,255,255,255,255,255
675,255,255,255,255,255,255
676,255,255,255,255,255,255
677,255,255,255,255,255,255
678,255,255,255,255,255,255
679,255,255,255,255,255,255
680,255,255,255,255,255,255
681,255,255,255,255,255,255
682,255,255,255,255,255,255
683,255,255,255,255,255,255
684,255,255,255,255,255,255
685,255,255,255,255,255,255
686,255,255,255,255,255,255
687,255,255,255,255,255,255
688,255,255,255,255,255,255
689,255,255,255,255,255,255
690,255,255,255,255,255,255
691,255,255,255,255,255,255
692,255,255,255,255,255,255
693,255,255,255,255,255,255
694,251,247,247,247,247,247
695,251,247,247,247,247,247
696,255,255,255,255,255,255
697,255,255,255,255,255,255
698,255,255,255,255,255,255
699,255,255,255,255,255,255
700,255,255,255,255,255,255
701,255,255,255,255,255,255
702,255,255,255,255,255,255
703,255,255,255,255,255,255
704,255,255,255,255,255,255
705,255,255,255,255,255,255
706,255,255,255,255,255,255
707,255,255,255,255,255,255
708,255,255,255,255,251,251
709,227,219,215,211,203,203
710,147,143,139,139,135,135
711,131,127,123,123,123,127
712,119,115,115,115,115,115
713,115,107,103,103,99,99
714,103,95,91,87,83,83
715,91,83,79,75,75,75
716,71,67,67,67,71,71
717,59,59,63,63,67,71
718,55,59,59,59,63,67
719,59,59,59,63,63,63
720,51,51,51,51,47,47
721,51,51,47,47,39,35
722,55,55,51,47,39,35
723,51,51,47,43,35,31
724,35,31,31,27,23,23
725,3,3,3,3,3,3
726,0,0,0,0,0,0
727,0,0,0,0,0,0
728,0,0,0,0,0,0
729,0,0,0,0,0,0
730,0,0,0,0,0,0
731,0,0,0,0,0,0
732,0,0,0,0,0,0
733,0,0,0,0,0,0
734,0,0,0,0,0,0
735,0,0,0,0,0,0
736,0,0,0,0,0,0
737,0,7,11,11,15,19
738,19,27,31,31,35,39
739,39,39,43,43,43,47
740,55,55,55,55,55,55
741,67,67,67,67,67,67
742,59,59,63,63,63,63
743,43,43,47,47,47,47
744,31,31,31,31,35,35
745,31,31,35,35,39,39
746,27,31,31,35,35,39
747,27,27,31,31,31,31
748,23,23,27,27,27,27
749,23,31,39,43,47,51
750,159,171,179,183,195,199
751,255,255,255,255,255,255
752,139,131,127,127,127,127
753,127,127,127,127,127,127
754,127,127,127,127,127,127
755,127,127,127,127,127,127
756,175,179,183,187,195,199
757,247,255,255,255,255,255
758,255,255,255,255,255,255
759,255,255,255,255,255,255
760,255,255,255,255,255,255
761,255,255,255,255,255,255
762,255,247,247,247,243,239
763,147,143,143,143,143,143
764,139,143,143,147,155,159
765,163,171,179,183,191,199
766,203,211,215,219,227,231
767,239,239,243,243,251,255
768,255,255,255,255,255,255
769,255,255,255,255,255,255
770,255,255,255,255,255,255
771,255,255,255,255,255,255
772,255,255,255,255,255,255
773,255,255,255,255,255,255
774,255,255,255,255,255,255
775,255,255,255,255,255,255
776,255,255,255,255,255,255
777,191,191,195,191,191,191
778,151,151,147,147,143,139
779,123,115,111,107,95,91
780,103,95,87,83,71,67
781,79,71,67,63,55,55
782,47,43,43,39,35,35
783,19,19,19,19,15,15
784,3,7,11,11,11,7
785,7,15,15,15,19,19
786,23,27,31,31,35,39
787,47,51,51,55,59,59
788,71,75,75,75,79,79
789,107,107,107,107,107,107
790,167,171,175,175,183,187
791,255,255,255,255,255,255
792,255,255,255,255,251,247
793,151,151,151,151,151,147
794,127,127,127,127,127,127
795,127,127,127,127,127,127
796,127,127,127,127,127,135
797,155,167,171,179,195,203
798,235,247,255,255,255,255
799,255,255,255,255,255,255
800,255,255,255,255,255,255
801,255,255,255,255,255,255
802,255,255,255,255,255,255
803,235,231,231,227,223,223
804,187,183,179,175,167,167
805,131,123,119,115,103,99
806,55,51,51,51,47,43
807,47,47,47,47,47,47
808,63,63,63,67,67,67
809,91,91,91,91,91,91
810,111,111,115,115,111,111
811,115,115,115,115,111,111
812,103,99,99,95,91,91
813,67,63,59,59,55,51
814,19,11,11,7,3,3
815,0,0,0,0,0,0
816,0,0,0,0,0,0
817,0,0,0,0,0,0
818,0,0,0,0,0,0
819,0,0,0,0,0,0
820,0,0,0,0,0,0
821,0,0,0,0,0,0
822,0,0,0,0,0,0
823,0,0,0,0,0,0
824,0,0,0,0,0,0
825,0,0,0,0,0,0
826,0,0,0,0,0,0
827,0,0,0,0,0,0
828,0,0,0,0,0,0
829,0,0,0,0,0,0
830,0,0,0,0,0,0
831,0,0,0,0,0,0
832,0,0,0,0,0,0
833,0,0,0,0,0,0
834,0,0,0,0,0,0
835,0,0,0,0,0,0
836,0,0,0,0,0,0
837,0,0,0,0,0,0
838,0,0,0,0,0,0
839,0,0,0,0,0,0
840,0,0,0,0,0,0
841,0,0,0,0,0,0
842,0,15,23,31,51,59
843,255,255,255,255,255,255
844,255,255,255,255,255,255
845,255,255,255,255,255,255
846,255,255,255,255,255,255
847,255,255,255,255,255,255
848,255,255,255,255,255,255
849,255,255,255,255,255,255
850,199,199,199,195,195,191
851,147,147,147,151,151,151
852,119,123,123,123,127,127
853,91,95,95,95,99,99
854,59,63,63,67,71,71
855,19,23,23,27,31,35
856,0,0,0,0,0,0
857,0,0,0,0,0,0
858,0,0,0,0,0,0
859,0,0,0,0,0,0
860,0,0,0,0,0,0
861,0,0,0,0,0,0
862,0,0,0,0,0,0
863,0,0,0,0,0,0
864,0,0,0,0,0,0
865,0,0,0,0,0,0
866,0,0,0,0,0,0
867,0,0,0,0,0,0
868,0,0,0,0,0,0
869,0,0,0,0,0,0
870,0,0,0,0,0,0
871,0,0,0,0,0,0
872,0,0,0,0,0,0
873,0,0,0,0,0,0
874,0,0,0,0,0,0
875,0,0,0,0,0,0
876,0,0,0,0,0,0
877,0,0,0,0,0,0
878,0,0,0,0,0,0
879,0,0,0,0,0,0
880,0,0,0,0,0,0
881,0,0,0,0,0,0
882,0,0,0,0,0,0
883,0,0,0,3,15,19
884,111,119,127,135,147,151
885,199,207,215,219,231,235
886,255,255,255,255,255,255
887,255,255,255,255,255,255
888,255,255,255,255,255,255
889,255,255,255,255,255,255
890,255,255,255,255,255,255
891,135,127,127,127,123,127
892,59,55,59,59,59,63
893,11,7,11,11,15,19
894,0,0,0,0,0,0
895,0,0,0,0,0,0
896,0,0,0,0,0,0
897,0,0,0,0,0,0
898,0,0,0,0,0,0
899,0,0,0,0,0,0
900,0,0,0,0,0,0
901,0,0,0,0,0,0
902,0,0,0,0,0,0
903,0,0,0,0,0,0
904,0,0,0,0,0,0
905,0,0,0,0,0,0
906,0,0,0,0,0,0
907,0,0,0,0,0,0
908,0,0,0,0,0,0
909,0,0,0,0,0,0
910,0,0,0,0,0,0
911,0,0,0,0,0,0
912,0,0,0,0,0,0
913,0,0,0,0,0,0
914,0,0,0,0,0,0
915,0,0,0,0,0,0
916,0,0,0,0,0,0
917,0,0,0,0,0,0
918,0,0,0,0,0,0
919,0,0,0,0,0,0
920,0,0,0,0,0,0
921,0,0,0,0,0,0
922,0,0,0,0,0,0
923,0,0,0,11,35,43
924,51,71,79,91,107,115
925,95,111,123,131,143,151
926,111,123,131,135,147,155
927,103,115,119,127,135,143
928,95,107,111,119,127,135
929,103,115,123,131,143,147
930,123,135,143,151,167,175
931,139,155,163,175,191,195
932,155,171,183,191,207,215
933,171,183,187,195,203,211
934,163,171,175,179,183,187
935,143,147,147,151,151,155
936,107,111,111,111,115,115
937,67,67,67,71,71,71
938,11,11,11,11,11,11
939,0,0,0,0,0,0
940,0,0,0,0,0,0
941,0,0,0,0,0,0
942,0,0,0,0,0,0
943,0,0,0,0,0,0
944,0,0,0,0,0,0
945,0,0,0,0,0,0
946,0,0,0,0,0,0
947,0,0,0,0,0,0
948,0,0,0,0,0,0
949,0,0,0,0,0,0
950,0,0,0,0,0,0
951,0,0,0,0,0,0
952,0,0,0,0,0,0
953,0,0,0,0,0,0
954,0,0,0,0,0,0
955,0,0,0,0,0,0
956,0,0,0,0,0,0
957,0,0,0,0,0,0
958,0,0,0,0,0,0
959,0,0,0,0,0,0
960,0,0,0,0,0,0
961,0,0,0,0,0,0
962,0,0,0,0,0,0
963,0,0,0,0,0,0
964,0,0,0,0,0,0
965,0,0,0,0,0,0
966,0,0,0,0,0,0
967,0,0,0,0,0,0
968,0,0,0,0,0,0
969,0,0,0,0,0,0
970,0,0,0,0,0,0
971,0,0,0,0,0,0
972,0,0,0,0,0,0
973,0,0,0,0,0,0
974,0,0,0,0,0,0
975,0,0,0,0,0,0
976,0,0,0,0,0,0
977,0,0,0,0,0,0
978,0,0,0,0,0,0
979,0,0,0,0,0,0
980,0,0,0,0,0,0
981,0,0,0,0,0,0
982,0,0,0,0,0,0
983,0,0,0,0,0,0
984,0,0,0,0,0,0
985,0,0,0,0,0,0
986,0,0,0,0,0,0
987,0,0,0,0,0,0
988,0,0,0,0,0,0
989,0,0,0,0,0,0
990,0,0,0,0,0,0
991,0,0,0,0,0,0
992,0,0,0,0,0,0
993,0,0,0,0,0,0
994,0,0,0,0,0,0
995,0,0,0,0,0,0
996,0,0,0,0,0,0
997,0,0,0,0,0,0
998,0,0,0,0,0,0
999,0,0,0,0,0,0
1000,0,0,0,0,0,0
1001,0,0,0,0,0,0
1002,0,0,0,0,0,0
1003,0,0,0,0,0,0
1004,0,0,0,0,0,0
1005,0,0,0,0,0,0
1006,0,0,0,0,0,0
1007,0,0,0,0,0,0
1008,0,0,0,0,0,0
1009,0,0,0,0,0,0
1010,0,0,0,0,0,0
1011,0,0,0,0,0,0
1012,0,0,0,0,0,0
1013,0,0,0,0,0,0
1014,0,0,0,0,0,0
1015,0,0,0,0,0,0
1016,0,0,0,0,0,0
1017,0,0,0,0,0,0
1018,0,0,0,0,0,0
1019,0,0,0,0,0,0
1020,0,0,0,0,0,0
1021,0,0,0,0,0,0
1022,0,0,0,0,0,0
1023,0,0,0,0,0,0
1024,0,0,0,0,0,0
1025,0,0,0,0,0,0
1026,0,0,0,0,0,0
1027,0,0,0,0,0,0
1028,0,0,0,0,0,0
1029,0,0,0,0,0,0
1030,0,0,0,0,0,0
1031,0,0,0,0,0,0
1032,0,0,0,0,0,0
1033,0,0,0,0,0,0
1034,0,0,0,0,0,0
1035,0,0,0,0,0,0
1036,0,0,0,0,0,0
1037,0,0,0,0,0,0
1038,0,0,0,0,0,0
1039,0,0,0,0,0,0
1040,0,0,0,0,0,0
1041,0,0,0,0,0,0
1042,0,0,0,0,0,0
1043,0,0,0,0,0,0
1044,0,0,0,0,0,0
1045,0,0,0,0,0,0
1046,0,0,0,0,0,0
1047,0,0,0,0,0,0
1048,0,0,0,0,0,0
1049,0,0,0,0,0,0
1050,0,0,0,0,0,0
1051,0,0,0,0,0,0
1052,0,0,0,0,0,0
1053,0,0,0,0,0,0
1054,0,0,0,0,0,0
1055,0,0,0,0,0,0
1056,0,0,0,0,0,0
1057,0,0,0,0,0,0
1058,0,0,0,0,0,0
1059,0,0,0,0,0,0
1060,0,0,0,0,0,0
1061,0,0,0,0,0,0
1062,0,0,0,0,0,0
1063,0,0,0,0,0,0
1064,0,0,0,0,0,0
1065,0,0,0,0,0,0
1066,0,0,0,0,0,0
1067,0,0,0,0,0,0
1068,0,0,0,0,0,0
1069,0,0,0,0,0,0
1070,0,0,0,0,0,0
1071,0,0,0,0,0,0
1072,0,0,0,0,0,0
1073,0,0,0,0,0,0
1074,0,0,0,0,0,0
1075,0,0,0,0,0,0
1076,0,0,0,0,0,0
1077,0,0,0,0,0,0
1078,0,0,0,0,0,0
1079,0,0,0,0,0,0
1080,0,0,0,0,0,0
1081,0,0,0,0,0,0
1082,0,0,0,0,0,0
1083,0,0,0,0,0,0
1084,0,0,0,0,0,0
1085,0,0,0,0,0,0
1086,0,0,0,0,0,0
1087,0,0,0,0,0,0
1088,0,0,0,0,0,0
1089,0,0,0,0,0,0
1090,0,0,0,0,0,0
1091,0,0,0,0,0,0
1092,0,0,0,0,0,0
1093,0,0,0,0,0,0
1094,0,0,0,0,0,0
1095,0,0,0,0,0,0
1096,0,0,0,0,0,0
1097,0,0,0,0,0,0
1098,0,0,0,0,0,0
1099,0,0,0,0,0,0
1100,0,0,0,0,0,0
1101,0,0,0,0,0,0
1102,0,0,0,0,0,0
1103,0,0,0,0,0,0
1104,0,0,0,0,0,0
1105,0,0,0,0,0,0
1106,0,0,0,0,0,0
1107,0,0,0,0,0,0
1108,0,0,0,0,0,0
1109,0,0,0,0,0,0
1110,0,0,0,0,0,0
1111,0,0,0,0,0,0
1112,0,0,0,0,0,0
1113,0,0,0,0,0,0
1114,0,0,0,0,0,0
1115,0,0,0,0,0,0
1116,0,0,0,0,0,0
1117,0,0,0,0,0,0
1118,0,0,0,0,0,0
1119,0,0,0,0,0,0
1120,0,0,0,0,0,0
1121,0,0,0,0,0,0
1122,0,0,0,0,0,0
1123,0,0,0,0,0,0
1124,39,39,35,35,35,35
1125,243,239,239,239,235,235
1126,255,251,251,251,247,247
1127,215,211,211,211,207,207
1128,123,123,123,119,119,119
1129,0,0,0,0,0,0
1130,0,0,0,0,0,0
1131,0,0,0,0,0,0
1132,0,0,0,0,0,0
1133,0,0,0,0,0,0
1134,0,0,0,0,0,0
1135,0,0,0,0,0,0
1136,0,0,0,0,0,0
1137,0,0,0,0,0,0
1138,0,0,0,0,0,0
1139,0,0,0,0,0,0
1140,0,0,0,0,0,0
1141,0,0,0,0,0,0
1142,0,0,0,0,0,0
1143,0,0,0,0,0,0
1144,0,0,0,0,0,0
1145,0,0,0,0,0,0
1146,0,0,0,0,0,0
1147,0,0,0,0,0,0
1148,0,0,0,0,0,0
1149,0,0,0,0,0,0
1150,0,0,0,0,0,0
1151,0,0,0,0,0,0
1152,0,0,0,0,0,0
1153,0,0,0,0,0,0
1154,0,0,0,0,0,0
1155,0,0,0,0,0,0
1156,0,0,0,0,0,0
1157,0,0,0,0,0,0
1158,0,0,0,0,0,0
1159,0,0,0,0,0,0
1160,0,0,0,0,0,0
1161,0,0,0,0,0,0
1162,0,0,0,0,0,0
1163,0,0,0,0,0,0
1164,0,0,0,0,0,0
1165,0,0,0,0,0,0
1166,0,0,0,0,0,0
1167,0,0,0,0,0,0
1168,0,0,0,0,0,0
1169,0,0,0,0,0,0
1170,0,0,0,0,0,0
1171,0,0,0,0,0,0
1172,0,0,0,0,0,0
1173,23,31,39,43,55,59
1174,99,103,111,115,123,127
1175,143,147,151,155,159,163
1176,163,163,167,167,171,171
1177,159,159,159,159,159,159
1178,131,131,131,127,127,127
1179,83,83,79,79,79,79
1180,0,0,0,0,0,0
1181,0,0,0,0,0,0
1182,0,0,0,0,0,0
1183,0,0,0,0,0,0
1184,0,0,0,0,0,0
1185,0,0,0,0,0,0
1186,0,0,0,0,0,0
1187,0,0,0,0,0,0
1188,0,0,0,0,0,0
1189,0,0,0,0,0,0
1190,0,0,0,0,0,0
1191,0,0,0,0,0,0
1192,0,0,0,0,0,0
1193,0,0,0,0,0,0
1194,0,0,0,0,0,0
1195,0,0,0,0,0,0
1196,0,0,0,0,0,0
1197,0,0,0,0,0,0
1198,0,0,0,0,0,0
1199,0,0,0,0,0,0
1200,0,0,0,0,0,0
1201,0,0,0,0,0,0
1202,0,0,0,0,0,0
1203,0,0,0,0,0,0
1204,0,0,0,0,0,0
1205,0,0,0,0,0,0
1206,0,0,0,0,0,0
1207,0,0,0,0,0,0
1208,0,0,0,0,0,0
1209,0,0,0,0,0,0
1210,0,0,0,0,0,0
1211,0,0,0,0,0,0
1212,151,167,171,179,187,195
1213,243,255,255,255,255,255
1214,255,255,255,255,255,255
1215,255,255,255,255,255,255
1216,255,255,255,255,255,255
1217,255,255,255,255,255,255
1218,255,255,255,255,255,255
1219,255,255,255,255,255,255
1220,255,255,255,255,255,255
1221,255,255,255,255,255,255
1222,255,255,255,255,255,255
1223,255,255,255,255,255,255
1224,255,255,255,255,255,251
1225,235,223,223,219,211,211
1226,211,203,199,195,187,187
1227,199,191,187,183,175,175
1228,187,183,183,179,175,175
1229,183,179,179,175,171,175
1230,183,179,179,175,175,175
1231,191,183,183,179,175,175
1232,199,191,187,183,175,175
1233,199,199,195,195,191,191
1234,195,195,195,195,199,199
1235,179,183,183,187,187,187
1236,151,151,151,155,155,155
1237,107,103,107,107,107,107
1238,35,31,31,27,27,27
1239,0,0,0,0,0,0
1240,0,0,0,0,0,0
1241,0,0,0,0,0,0
1242,0,0,0,0,0,0
1243,0,0,0,0,0,0
1244,0,0,0,0,0,0
1245,0,0,0,0,0,0
1246,0,0,0,0,0,0
1247,0,0,0,0,0,0
1248,0,0,0,0,0,0
1249,0,0,0,7,15,23
1250,0,11,15,19,27,31
1251,0,0,3,7,15,15
1252,0,0,0,0,0,0
1253,0,0,0,0,0,0
1254,0,0,0,0,0,0
1255,0,0,0,0,0,0
1256,0,0,0,0,0,0
1257,0,0,0,0,0,0
1258,0,0,0,0,0,0
1259,0,0,0,0,0,0
1260,0,0,0,0,0,0
1261,0,0,0,0,0,0
1262,0,0,0,0,0,0
1263,27,31,35,35,35,39
1264,91,95,95,95,95,99
1265,171,171,171,167,167,163
1266,191,191,187,187,183,183
1267,211,211,207,207,207,207
1268,231,235,235,239,239,239
1269,255,255,255,255,255,255
1270,255,255,255,255,255,255
1271,255,255,255,255,255,255
1272,255,255,255,255,255,255
1273,255,255,255,255,255,255
1274,255,255,255,255,255,255
1275,255,255,255,255,255,255
1276,215,219,223,223,227,231
1277,191,191,195,195,199,199
1278,175,171,171,171,175,175
1279,163,163,163,167,167,167
1280,171,171,171,175,175,175
1281,191,191,195,199,203,203
1282,223,223,227,227,235,235
1283,251,255,255,255,255,255
1284,255,255,255,255,255,255
1285,255,255,255,255,255,255
1286,255,255,255,255,255,255
1287,255,255,255,255,255,255
1288,255,255,255,255,255,255
1289,255,255,255,255,255,255
1290,255,255,255,255,255,255
1291,255,255,255,255,255,255
1292,255,255,255,255,255,255
1293,255,255,255,255,255,255
1294,255,255,255,255,255,255
1295,255,255,255,255,255,255
1296,255,255,255,255,255,255
1297,255,255,255,255,255,255
1298,255,255,255,255,255,255
1299,255,255,255,255,255,255
1300,255,255,255,255,255,255
1301,255,255,255,255,255,255
1302,255,255,255,255,255,255
1303,223,223,219,219,219,219
1304,199,199,199,195,195,195
1305,179,179,179,179,179,179
1306,151,151,155,155,155,151
1307,115,115,115,115,115,115
1308,63,63,63,59,59,59
1309,55,51,51,47,47,43
1310,35,31,31,27,23,23
1311,11,7,3,3,0,0
1312,0,0,0,0,0,0
1313,0,0,0,0,0,0
1314,0,0,0,0,0,0
1315,0,0,0,0,0,0
1316,0,0,0,0,0,0
1317,0,0,0,0,0,0
1318,3,7,7,7,11,15
1319,39,35,35,35,35,35
1320,55,51,47,43,43,43
1321,71,67,67,67,63,63
1322,83,83,83,83,83,87
1323,91,91,95,95,99,103
1324,91,95,99,99,107,111
1325,99,103,107,107,115,119
1326,111,115,119,119,127,131
1327,127,127,131,131,139,143
1328,131,135,139,139,147,151
1329,155,163,167,171,183,187
1330,175,183,183,187,199,203
1331,183,191,195,199,207,211
1332,183,191,195,199,207,211
1333,167,179,183,187,199,203
1334,147,155,163,167,179,183
1335,119,127,131,139,147,151
1336,95,99,103,107,111,115
1337,75,79,79,83,87,87
1338,55,59,59,59,59,63
1339,23,23,23,23,27,27
1340,159,159,159,159,163,163
1341,239,239,239,243,243,243
1342,255,255,255,255,255,255
1343,255,255,255,255,255,255
1344,199,199,199,199,203,203
1345,51,51,51,55,55,55
1346,0,0,0,0,0,0
1347,0,0,0,0,0,0
1348,0,0,0,0,0,0
1349,55,103,123,143,183,207
1350,255,255,255,255,255,255
1351,211,195,179,171,151,139
1352,127,111,103,95,79,75
1353,71,59,55,47,35,31
1354,43,35,27,23,15,7
1355,43,39,35,31,19,15
1356,75,71,71,67,59,55
1357,139,139,139,139,135,131
1358,243,247,247,251,251,251
1359,255,255,255,255,255,255
1360,215,207,207,203,199,199
1361,11,11,11,11,7,7
1362,0,0,0,0,0,0
1363,0,3,7,7,11,11
1364,43,47,47,51,55,55
1365,119,123,127,131,135,139
1366,187,195,199,203,211,215
1367,239,251,255,255,255,255
1368,255,255,255,255,255,255
1369,255,255,255,255,255,255
1370,255,255,255,255,255,255
1371,255,255,255,255,255,255
1372,255,255,255,255,255,255
1373,255,255,255,255,255,255
1374,255,255,255,255,255,255
1375,255,251,251,247,247,247
1376,219,215,215,215,215,215
1377,203,203,203,203,207,207
1378,215,215,219,219,219,223
1379,243,247,251,251,255,255
1380,255,255,255,255,255,255
1381,255,255,255,255,255,255
1382,255,255,255,255,255,255
1383,255,255,255,255,255,255
1384,255,255,255,255,255,255
1385,255,255,255,255,255,255
1386,255,255,255,255,255,255
1387,247,251,251,255,255,255
1388,243,243,247,247,255,255
1389,255,255,255,255,255,255
1390,255,255,255,255,255,255
1391,255,255,255,255,255,255
1392,255,255,255,255,255,255
1393,255,255,255,255,255,255
1394,255,255,255,255,255,255
1395,255,255,255,255,255,255
1396,255,255,255,255,255,255
1397,255,255,255,255,255,255
1398,255,255,255,255,255,255
1399,255,255,255,255,255,255
1400,255,255,255,255,255,255
1401,255,255,255,255,255,255
1402,255,255,255,255,255,255
1403,255,255,255,255,255,255
1404,255,255,255,255,255,255
1405,255,255,255,255,255,255
1406,255,255,255,255,255,255
1407,255,255,255,255,255,255
1408,255,255,255,255,255,255
1409,247,243,243,239,235,231
1410,155,151,147,147,139,135
1411,63,59,59,59,55,55
1412,0,0,0,0,0,0
1413,0,0,0,0,0,0
1414,139,143,143,143,143,143
1415,251,251,247,247,243,239
1416,255,255,255,255,255,255
1417,255,255,255,255,255,255
1418,255,255,255,255,255,255
1419,255,255,255,255,255,255
1420,255,255,255,255,255,255
1421,255,255,255,255,255,255
1422,255,255,255,255,255,255
1423,255,255,255,255,255,255
1424,255,255,255,255,255,255
1425,255,255,255,255,255,255
1426,255,255,255,255,255,255
1427,255,255,255,255,255,255
1428,255,251,251,251,251,251
1429,211,211,207,207,203,199
1430,163,163,163,159,155,151
1431,115,115,115,111,107,107
1432,83,83,83,79,79,75
1433,95,95,95,95,95,95
1434,139,139,143,143,143,147
1435,231,235,235,235,235,235
1436,255,255,255,255,255,255
1437,255,255,255,255,255,255
1438,255,255,255,255,255,255
1439,255,255,255,255,255,255
1440,255,255,255,255,255,255
1441,255,255,255,255,255,255
1442,255,255,255,255,255,255
1443,255,255,255,255,255,255
1444,255,255,255,255,255,255
1445,255,255,255,255,255,255
1446,255,255,255,255,255,255
1447,255,255,255,255,255,255
1448,255,255,255,255,255,255
1449,231,231,231,231,227,223
1450,195,195,195,195,195,195
1451,171,171,171,175,175,175
1452,175,175,175,175,175,175
1453,195,195,195,191,191,191
1454,231,231,227,227,223,223
1455,255,255,255,255,255,255
1456,255,255,255,255,255,255
1457,255,255,255,255,255,255
1458,155,151,151,151,147,147
1459,63,63,63,63,63,63
1460,0,0,0,0,0,0
1461,0,0,0,0,0,0
1462,0,0,0,0,0,0
1463,0,0,0,0,0,0
1464,83,91,95,99,115,119
1465,251,227,215,207,191,187
1466,0,0,0,0,0,0
1467,0,0,0,0,0,0
1468,0,0,0,0,0,0
1469,0,0,0,0,0,0
1470,0,0,0,0,0,0
1471,0,0,0,0,0,0
1472,0,0,0,0,0,0
1473,0,0,0,0,0,0
1474,0,0,0,0,0,0
1475,0,0,0,0,0,0
1476,0,0,0,0,0,0
1477,0,0,0,0,0,0
1478,83,91,95,99,103,107
1479,119,127,127,131,135,139
1480,127,127,131,131,139,139
1481,119,119,123,127,135,139
1482,119,123,127,131,139,143
1483,135,139,143,147,155,159
1484,159,163,167,167,175,175
1485,187,187,187,187,187,187
1486,203,203,203,203,199,199
1487,219,219,219,219,215,215
1488,239,235,235,235,231,231
1489,235,231,231,227,219,215
1490,223,215,211,207,199,195
1491,215,203,199,195,183,179
1492,215,203,199,191,183,179
1493,219,207,203,199,191,187
1494,215,207,207,203,195,191
1495,199,199,199,199,195,195
1496,179,183,183,183,183,183
1497,163,163,163,167,163,163
1498,143,143,147,147,143,143
1499,135,135,135,135,135,135
1500,155,151,151,151,151,151
1501,167,167,167,163,163,163
1502,171,171,171,171,171,171
1503,171,175,175,175,179,179
1504,179,183,183,187,191,191
1505,195,195,199,199,203,199
1506,211,215,215,215,215,211
1507,227,227,227,227,223,219
1508,235,235,231,231,227,223
1509,239,239,235,235,227,223
1510,243,243,243,239,239,235
1511,247,247,247,247,247,247
1512,243,247,251,251,255,255
1513,235,239,243,243,247,251
1514,223,227,231,235,239,239
1515,219,223,227,227,231,231
1516,227,231,231,231,231,231
1517,235,235,235,235,235,231
1518,231,227,227,227,227,223
1519,207,207,203,203,203,203
1520,191,187,187,187,187,187
1521,187,187,183,183,183,183
1522,203,203,203,203,207,211
1523,227,235,235,239,247,251
1524,255,255,255,255,255,255
1525,255,255,255,255,255,255
1526,255,255,255,255,255,255
1527,255,255,255,255,255,255
1528,255,255,255,255,255,255
1529,255,255,255,255,255,255
1530,255,255,255,255,255,255
1531,255,255,255,255,255,255
1532,255,255,255,255,255,255
1533,255,255,255,247,235,231
1534,239,227,219,211,199,191
1535,211,199,191,183,171,167
1536,195,183,179,171,159,155
1537,199,187,179,175,167,163
1538,211,199,195,187,179,175
1539,219,207,199,195,183,179
1540,203,191,187,179,171,167
1541,175,167,163,159,155,151
1542,139,135,135,131,131,131
1543,135,131,127,127,123,123
1544,131,127,123,119,115,115
1545,135,131,127,123,119,119
1546,151,151,147,147,143,143
1547,183,187,187,191,191,191
1548,235,243,247,251,255,255
1549,255,255,255,255,255,255
1550,255,255,255,255,255,255
1551,255,255,255,255,255,255
1552,255,255,255,255,255,255
1553,255,255,255,255,255,255
1554,255,255,255,255,255,255
1555,251,247,247,247,243,243
1556,223,215,215,215,211,211
1557,203,199,199,199,199,199
1558,187,187,187,187,191,195
1559,171,167,171,171,175,179
1560,143,139,143,143,143,143
1561,99,95,95,95,95,95
1562,47,39,39,39,35,35
1563,0,0,0,0,0,0
1564,0,0,3,3,11,11
1565,15,15,19,19,23,23
1566,55,51,51,51,47,47
1567,123,115,111,107,103,99
1568,195,187,187,183,175,175
1569,255,255,255,255,255,255
1570,255,255,255,255,255,255
1571,255,255,255,255,255,255
1572,255,255,255,255,255,255
1573,255,255,255,255,255,255
1574,255,255,255,255,255,255
1575,255,255,255,255,255,255
1576,255,255,255,255,255,255
1577,255,255,255,255,255,255
1578,255,255,255,255,255,255
1579,255,255,255,255,255,255
1580,243,247,247,247,247,247
1581,199,195,199,199,199,199
1582,147,147,147,147,147,151
1583,107,107,107,111,115,115
1584,87,91,91,95,99,99
1585,91,91,91,91,95,99
1586,91,91,91,91,95,95
1587,91,95,95,95,99,99
1588,103,107,111,111,115,119
1589,131,135,139,143,147,147
1590,159,167,171,171,179,179
1591,183,187,191,195,199,203
1592,195,203,203,207,215,215
1593,203,211,211,215,223,223
1594,207,211,215,215,223,223
1595,211,215,215,219,223,223
1596,211,215,219,219,223,223
1597,215,223,227,227,235,235
1598,231,239,239,243,251,251
1599,243,247,251,255,255,255
1600,247,251,251,255,255,255
1601,251,251,251,255,255,255
1602,255,255,255,255,255,255
1603,255,255,255,255,255,255
1604,255,255,255,255,255,255
1605,255,255,255,255,255,255
1606,255,255,255,255,255,255
1607,255,255,255,255,255,255
1608,243,239,239,235,231,227
1609,223,219,219,215,211,211
1610,211,207,207,203,203,199
1611,211,207,207,203,203,203
1612,219,219,215,215,215,215
1613,235,235,235,235,235,231
1614,251,251,251,251,251,251
1615,255,255,255,255,255,255
1616,255,255,255,255,255,255
1617,255,255,255,255,255,255
1618,255,255,255,255,255,255
1619,255,255,255,255,255,255
1620,255,255,255,255,255,255
1621,255,255,255,255,255,255
1622,255,255,255,255,255,255
1623,255,255,255,255,255,255
1624,255,255,255,255,255,255
1625,255,255,255,255,255,255
1626,255,255,255,255,255,255
1627,239,239,239,243,247,251
1628,235,231,231,231,235,235
1629,235,227,227,227,227,227
1630,235,227,227,223,219,219
1631,231,223,223,219,215,211
1632,231,223,219,219,211,207
1633,231,227,223,219,211,203
1634,239,231,227,223,211,207
1635,239,235,231,227,215,211
1636,227,219,219,215,207,207
1637,195,195,191,191,187,187
1638,159,159,159,159,159,159
1639,159,163,163,163,163,167
1640,163,167,167,167,171,175
1641,167,171,171,171,175,175
1642,167,167,167,167,167,167
1643,163,163,163,163,163,163
1644,155,159,159,159,159,163
1645,143,151,151,151,155,155
1646,135,139,143,143,147,147
1647,127,131,135,135,139,143
1648,119,127,127,131,139,139
1649,131,135,139,139,147,147
1650,147,151,155,159,163,163
1651,163,171,175,179,179,179
1652,183,187,191,195,195,191
1653,191,195,195,195,191,187
1654,187,183,183,179,175,175
1655,175,171,167,163,159,159
1656,167,163,159,159,155,155
1657,163,163,159,159,155,155
1658,155,155,155,151,151,151
1659,143,139,135,135,131,131
1660,151,143,139,139,131,131
1661,167,155,151,147,139,135
1662,175,167,159,155,143,139
1663,175,167,159,155,143,139
1664,171,163,159,155,147,143
1665,163,159,159,155,155,151
1666,163,159,159,159,163,163
1667,163,163,167,167,171,175
1668,163,167,167,171,175,179
1669,163,167,171,171,175,175
1670,167,167,167,167,163,163
1671,163,167,167,163,163,163
1672,159,163,163,163,163,163
1673,151,155,159,159,163,163
1674,143,151,155,159,163,167
1675,143,151,155,159,167,171
1676,155,163,167,171,179,183
1677,175,179,183,187,191,195
1678,187,191,195,195,199,199
1679,191,191,191,191,191,191
1680,179,179,179,179,179,175
1681,155,159,159,159,155,155
1682,147,151,151,151,151,151
1683,151,151,151,151,151,151
1684,163,163,163,159,159,159
1685,179,179,179,175,175,171
1686,191,195,191,191,191,187
1687,199,203,207,207,207,207
1688,203,211,215,215,223,223
1689,215,223,227,231,239,243
1690,235,247,251,255,255,255
1691,255,255,255,255,255,255
1692,255,255,255,255,255,255
1693,239,239,239,239,239,239
1694,211,211,211,211,215,211
1695,195,195,195,195,199,199
1696,191,195,195,195,199,199
1697,203,203,203,203,203,203
1698,211,211,211,211,207,207
1699,219,215,211,211,207,203
1700,219,211,211,207,203,203
1701,215,211,207,207,203,203
1702,219,219,219,215,215,215
1703,223,227,227,227,227,227
1704,227,235,235,235,235,235
1705,235,239,239,239,239,239
1706,239,243,243,247,247,247
1707,247,251,251,255,255,255
1708,251,255,255,255,255,255
1709,251,255,255,255,255,255
1710,243,247,251,255,255,255
1711,235,239,243,247,255,255
1712,235,239,243,251,255,255
1713,255,255,255,255,255,255
1714,255,255,255,255,255,255
1715,255,255,255,255,255,255
1716,255,255,255,255,255,255
1717,255,255,255,255,255,255
1718,255,255,255,255,255,255
1719,255,255,255,255,255,255
1720,255,255,255,255,255,255
1721,255,255,255,255,255,255
1722,255,255,255,255,255,255
1723,255,255,255,255,255,255
1724,255,255,255,255,255,255
1725,255,255,255,255,255,255
1726,255,255,255,255,255,255
1727,255,255,255,255,255,255
1728,255,255,255,255,255,255
1729,255,255,255,255,255,255
1730,163,151,147,143,139,135
1731,43,39,39,35,35,35
1732,0,0,0,0,0,0
1733,0,0,0,0,0,0
1734,0,0,0,0,0,0
1735,0,0,0,0,0,0
1736,0,0,0,0,0,0
1737,0,0,0,0,0,0
1738,0,0,0,0,0,0
1739,0,3,7,11,11,15
1740,15,23,23,27,27,31
1741,31,35,39,39,43,43
1742,51,59,59,63,67,71
1743,83,91,95,95,103,107
1744,115,119,123,123,127,127
1745,115,111,111,107,103,99
1746,107,103,99,95,91,87
1747,107,107,107,103,103,99
1748,123,127,127,131,131,131
1749,147,155,159,159,167,167
1750,163,171,175,179,187,187
1751,167,171,175,179,187,187
1752,175,175,179,179,183,187
1753,187,191,191,191,195,195
1754,211,211,215,215,215,215
1755,231,231,231,231,231,227
1756,219,219,219,219,215,211
1757,207,207,207,207,203,203
1758,199,199,199,199,199,199
1759,195,199,199,199,199,199
1760,199,199,199,199,199,199
1761,195,195,199,199,199,199
1762,183,187,187,191,191,191
1763,167,171,175,175,179,183
1764,155,159,163,163,171,175
1765,151,155,155,159,163,167
1766,155,155,155,155,151,151
1767,143,143,139,139,139,135
1768,119,119,119,119,119,119
1769,103,107,107,107,111,111
1770,99,103,103,107,107,111
1771,103,107,107,111,111,111
1772,111,111,115,115,115,119
1773,115,119,119,123,127,127
1774,127,131,135,139,143,147
1775,151,159,159,163,171,171
1776,183,187,191,191,195,195
1777,211,215,215,215,219,219
1778,219,219,223,223,227,227
1779,227,227,227,231,231,231
1780,227,227,231,231,235,235
1781,219,219,223,223,231,231
1782,203,207,207,211,219,223
1783,191,199,199,203,215,219
1784,195,199,207,211,219,227
1785,207,219,223,227,243,247
1786,227,239,243,251,255,255
1787,251,255,255,255,255,255
1788,255,255,255,255,255,255
1789,255,255,255,255,255,255
1790,247,251,251,251,255,255
1791,239,243,247,247,251,251
1792,231,239,243,247,251,251
1793,231,239,243,247,251,251
1794,239,243,247,247,251,251
1795,247,247,251,251,251,251
1796,251,251,251,251,251,251
1797,247,247,247,251,251,251
1798,235,239,239,239,243,247
1799,239,239,239,239,243,243
1800,243,243,243,243,243,247
1801,251,251,255,255,255,255
1802,255,255,255,255,255,255
1803,255,255,255,255,255,255
1804,255,255,255,255,255,255
1805,255,255,255,255,255,255
1806,239,239,239,243,239,239
1807,211,207,207,207,203,203
1808,167,167,167,167,163,159
1809,75,75,75,75,71,67
1810,27,31,31,31,31,31
1811,0,0,0,3,3,7
1812,0,0,0,0,0,0
1813,0,0,0,0,0,0
1814,0,0,0,0,0,0
1815,0,0,0,0,0,0
1816,0,0,0,0,0,0
1817,0,0,0,0,0,0
1818,0,0,0,0,0,0
1819,19,19,19,23,23,27
1820,47,51,55,55,59,63
1821,91,95,99,99,103,107
1822,135,143,143,147,151,151
1823,179,187,187,187,191,191
1824,203,207,207,211,211,211
1825,211,215,219,223,227,227
1826,215,227,231,235,239,239
1827,219,227,231,235,235,235
1828,223,223,227,223,219,219
1829,223,219,219,215,211,207
1830,235,231,227,227,219,219
1831,235,235,231,231,227,227
1832,223,223,223,223,227,227
1833,203,207,207,211,215,215
1834,187,191,191,195,199,203
1835,183,183,187,187,191,195
1836,187,183,187,187,187,191
1837,187,187,187,187,187,191
1838,187,187,187,187,187,187
1839,187,187,183,183,183,183
1840,187,183,183,183,183,183
1841,179,179,179,179,183,183
1842,179,179,179,179,183,187
1843,187,187,187,191,195,195
1844,211,211,211,211,215,215
1845,239,243,243,243,243,243
1846,255,255,255,255,255,255
1847,255,255,255,255,255,255
1848,243,243,243,243,239,239
1849,195,191,191,191,187,183
1850,131,127,127,127,123,123
1851,55,55,55,55,59,59
1852,55,55,55,55,59,59
1853,71,75,75,75,79,83
1854,103,107,107,107,111,111
1855,135,139,139,139,143,143
1856,155,159,163,163,167,167
1857,175,179,183,183,187,187
1858,191,195,199,199,203,203
1859,211,215,219,219,227,227
1860,243,247,251,251,255,255
1861,255,255,255,255,255,255
1862,255,255,255,255,255,255
1863,255,255,255,255,255,255
1864,255,255,255,255,255,255
1865,255,255,255,255,255,255
1866,255,255,255,255,255,255
1867,255,255,255,255,255,255
1868,255,255,255,255,255,255
1869,255,255,255,255,255,255
1870,255,255,255,255,255,255
1871,255,255,255,255,255,255
1872,255,255,255,255,255,255
1873,255,255,255,255,255,255
1874,255,255,255,255,255,255
1875,255,255,255,255,255,255
1876,255,255,255,255,255,255
1877,255,255,255,255,255,255
1878,239,235,239,239,247,251
1879,235,235,235,239,243,247
1880,235,235,239,239,247,251
1881,223,227,231,235,239,243
1882,211,215,219,223,227,231
1883,207,211,211,215,219,223
1884,211,215,219,219,223,227
1885,219,219,219,223,223,223
1886,223,223,223,223,219,219
1887,223,223,223,227,223,223
1888,231,239,239,243,243,247
1889,255,255,255,255,255,255
1890,255,255,255,255,255,255
1891,255,255,255,255,255,255
1892,255,255,255,255,255,255
1893,255,255,255,255,255,255
1894,255,255,255,255,255,255
1895,255,255,255,255,255,255
1896,255,255,255,255,255,255
1897,255,255,255,255,255,255
1898,255,255,255,255,255,255
1899,255,255,255,255,255,255
1900,255,255,255,255,255,255
1901,255,255,255,255,255,255
1902,255,255,255,255,255,255
1903,127,119,115,111,107,103
1904,0,0,0,0,0,0
1905,0,0,0,0,0,0
1906,0,0,0,0,0,0
1907,0,0,0,0,0,0
1908,0,0,0,0,0,0
1909,0,3,7,15,27,31
1910,51,63,71,75,87,95
1911,115,123,127,131,143,147
1912,167,175,175,179,183,187
1913,211,215,219,219,223,227
1914,255,255,255,255,255,255
1915,255,255,255,255,255,255
1916,255,255,255,255,255,255
1917,255,255,255,255,255,255
1918,255,255,255,255,255,255
1919,255,255,255,255,255,255
1920,243,247,247,247,247,243
1921,223,227,231,231,235,231
1922,195,203,203,207,211,215
1923,163,171,175,179,183,187
1924,135,143,147,151,155,155
1925,119,127,131,131,135,135
1926,143,147,151,151,155,155
1927,187,191,191,191,195,195
1928,247,247,247,247,251,251
1929,255,255,255,255,255,255
1930,255,255,255,255,255,255
1931,255,255,255,255,255,255
1932,255,255,255,255,255,255
1933,255,255,255,255,255,255
1934,255,255,255,255,255,255
1935,255,255,255,255,255,255
1936,255,255,255,255,255,255
1937,255,255,255,255,255,255
1938,255,255,255,255,255,255
1939,255,255,255,255,255,255
1940,255,255,255,255,255,255
1941,255,255,255,255,255,255
1942,255,255,255,255,255,255
1943,195,179,171,167,151,143
1944,19,15,11,7,0,0
1945,0,0,0,0,0,0
1946,0,0,0,0,0,0
1947,0,0,0,0,0,0
1948,0,0,0,0,0,0
1949,0,0,0,0,0,0
1950,0,0,0,7,23,31
1951,79,87,91,95,103,111
1952,143,151,151,155,163,167
1953,191,195,199,199,207,207
1954,231,235,235,239,243,243
1955,255,255,255,255,255,255
1956,255,255,255,255,255,255
1957,255,255,255,255,255,255
1958,255,255,255,255,255,255
1959,255,255,255,255,255,255
1960,255,255,255,255,255,255
1961,255,255,255,255,255,255
1962,255,255,255,255,255,255
1963,255,255,255,255,255,255
1964,255,255,255,255,255,255
1965,255,255,255,255,255,255
1966,255,255,255,255,255,255
1967,207,203,199,199,199,199
1968,83,83,83,83,87,87
1969,71,71,71,71,71,71
1970,67,67,67,67,71,71
1971,55,63,63,67,71,71
1972,43,47,51,55,59,63
1973,31,39,43,47,51,55
1974,27,35,39,39,47,51
1975,31,35,39,39,43,47
1976,31,35,35,39,43,43
1977,23,31,31,35,43,43
1978,11,19,27,31,39,43
1979,0,11,15,23,31,35
1980,11,19,23,31,39,43
1981,23,35,39,43,55,59
1982,55,63,67,71,75,79
1983,83,83,87,87,91,95
1984,99,99,99,99,103,103
1985,95,95,95,99,99,103
1986,71,75,79,83,91,91
1987,43,55,59,63,75,79
1988,27,35,39,47,55,59
1989,15,15,19,23,31,35
1990,0,0,0,0,0,0
1991,0,0,0,0,0,0
1992,0,0,0,0,0,0
1993,0,0,3,7,11,15
1994,251,255,255,255,255,255
1995,235,227,219,219,211,207
1996,99,91,87,87,83,83
1997,31,27,23,23,23,19
1998,7,3,3,0,3,3
1999,23,19,19,19,19,19
2000,151,155,155,159,163,163
2001,231,239,239,243,247,251
2002,255,255,255,255,255,255
2003,255,255,255,255,255,255
2004,255,255,255,255,255,255
2005,255,255,255,255,255,255
2006,255,255,255,255,255,255
2007,255,255,255,255,255,255
2008,227,231,235,239,247,251
2009,183,187,187,191,195,199
2010,151,151,155,155,159,159
2011,71,75,79,83,87,87
2012,7,11,15,15,23,23
2013,0,0,0,0,0,0
2014,0,0,0,0,0,0
2015,0,0,0,0,0,0
2016,0,0,0,0,0,0
2017,0,0,0,0,0,0
2018,0,0,0,0,0,0
2019,0,0,0,0,0,0
2020,0,0,0,0,3,7
2021,0,3,3,7,19,23
2022,87,87,87,83,87,87
2023,107,103,103,103,99,99
2024,99,95,91,91,87,87
2025,63,59,55,55,51,47
2026,11,3,3,0,0,0
2027,0,0,0,0,0,0
2028,0,0,0,0,0,0
2029,0,0,0,0,0,0
2030,0,0,0,0,0,0
2031,0,0,0,0,0,0
2032,0,0,0,0,0,0
2033,0,0,0,0,0,0
2034,51,67,75,83,95,103
2035,231,243,251,255,255,255
2036,255,255,255,255,255,255
2037,255,255,255,255,255,255
2038,251,243,239,235,227,223
2039,215,211,207,203,195,195
2040,203,199,199,195,191,187
2041,215,215,211,211,207,207
2042,247,251,251,251,247,247
2043,255,255,255,255,255,255
2044,255,255,255,255,255,255
2045,255,255,255,255,255,255
2046,223,223,227,231,239,243
2047,199,195,199,199,207,215
2048,171,167,167,171,175,179
2049,143,139,139,143,147,155
2050,119,119,123,123,131,139
2051,99,107,111,111,119,123
2052,67,75,79,79,87,91
2053,0,0,0,0,0,0
2054,0,0,0,0,0,0
2055,0,0,0,0,0,0
2056,0,0,0,0,0,0
2057,0,0,0,0,0,0
2058,0,0,0,0,0,0
2059,0,0,0,0,0,0
2060,0,0,0,0,0,0
2061,0,0,0,0,0,0
2062,0,0,3,11,23,31
2063,31,43,51,59,71,79
2064,59,63,71,75,83,91
2065,35,39,43,47,55,55
2066,0,0,0,3,7,7
2067,0,0,0,0,0,0
2068,0,0,0,0,0,0
2069,0,0,0,0,0,0
2070,0,0,0,0,0,0
2071,0,0,0,0,0,0
2072,0,0,0,0,0,0
2073,0,0,0,0,0,0
2074,0,0,0,0,0,0
2075,219,243,255,255,255,255
2076,255,255,255,255,255,255
2077,255,255,255,255,255,255
2078,255,255,255,255,255,255
2079,255,255,255,255,255,255
2080,255,255,255,255,255,255
2081,255,255,255,255,255,255
2082,255,255,255,255,255,255
2083,255,255,255,255,255,255
2084,255,255,255,255,255,255
2085,255,255,255,255,255,255
2086,255,255,255,255,255,255
2087,255,255,255,255,255,255
2088,255,255,255,255,255,255
2089,255,255,255,255,255,255
2090,255,255,255,255,255,255
2091,195,191,191,191,187,187
2092,95,91,87,87,83,83
2093,0,0,0,0,0,0
2094,0,0,0,0,0,0
2095,0,0,0,0,0,0
2096,0,0,0,0,0,0
2097,0,0,0,0,0,0
2098,0,0,0,0,0,0
2099,0,0,0,0,0,0
2100,0,0,0,0,0,0
2101,0,0,0,0,0,0
2102,0,0,0,0,0,0
2103,0,0,0,0,0,0
2104,0,0,0,0,0,0
2105,0,0,0,0,0,0
2106,0,0,0,0,0,0
2107,79,83,91,95,103,107
2108,147,151,151,155,159,159
2109,187,187,187,187,187,187
2110,199,199,199,195,195,195
2111,187,187,187,183,183,183
2112,163,163,163,163,167,167
2113,147,143,147,147,147,151
2114,135,131,131,131,131,135
2115,111,107,107,103,107,107
2116,75,75,71,71,75,75
2117,71,79,83,87,95,99
2118,107,119,123,127,131,135
2119,127,139,143,147,155,159
2120,127,139,147,151,159,163
2121,123,135,139,143,151,151
2122,119,127,131,135,139,143
2123,119,123,127,131,135,139
2124,103,111,111,115,123,127
2125,71,79,83,87,95,99
2126,31,39,43,51,59,63
2127,0,0,3,7,15,19
2128,0,0,0,0,0,0
2129,0,0,0,0,0,0
2130,31,39,39,43,43,43
2131,71,79,79,83,83,83
2132,83,91,91,95,95,95
2133,59,67,71,71,75,71
2134,7,15,15,19,19,19
2135,0,0,0,0,0,0
2136,0,0,0,0,0,0
2137,0,0,0,0,0,0
2138,0,0,0,0,0,0
2139,0,0,0,0,0,0
2140,0,0,0,0,0,0
2141,0,0,0,0,0,0
2142,0,0,0,0,0,0
2143,0,0,0,0,0,0
2144,0,0,0,0,0,0
2145,0,0,0,0,0,0
2146,0,0,0,0,0,0
2147,0,0,0,0,0,0
2148,0,0,0,0,0,0
2149,0,0,0,0,0,0
2150,0,0,0,0,0,0
2151,0,0,0,0,0,0
2152,0,0,0,7,23,31
2153,99,115,123,127,139,143
2154,175,187,191,195,203,207
2155,207,219,223,223,231,231
2156,215,219,223,227,227,231
2157,211,215,215,215,219,219
2158,203,203,207,207,207,207
2159,187,191,195,195,191,191
2160,95,99,103,103,99,99
2161,19,23,23,27,27,31
2162,11,19,27,31,39,43
2163,75,83,91,95,107,111
2164,147,151,155,163,171,179
2165,199,199,203,203,211,219
2166,223,223,227,227,235,239
2167,231,231,231,235,239,239
2168,223,223,227,227,231,231
2169,199,203,207,207,211,215
2170,171,175,179,179,183,183
2171,115,115,115,115,119,119
2172,83,83,83,83,83,83
2173,43,47,47,47,51,51
2174,0,7,11,15,23,23
2175,0,0,0,0,3,11
2176,0,0,0,0,0,0
2177,0,0,0,0,0,0
2178,0,0,0,0,0,0
2179,0,0,0,0,0,0
2180,0,0,0,0,0,0
2181,0,0,0,0,0,0
2182,0,0,0,0,0,0
2183,0,0,0,0,0,0
2184,0,0,0,0,0,0
2185,0,0,0,0,0,0
2186,0,0,0,0,0,0
2187,0,0,0,0,0,0
2188,0,0,0,0,0,0
2189,0,0,0,0,0,0
2190,0,0,0,0,0,0
2191,0,0,0,0,0,0
2192,0,0,0,0,0,0
2193,0,0,0,0,0,0
2194,0,0,0,0,0,0
2195,55,55,51,47,39,31
2196,95,91,87,87,75,67
2197,83,79,79,75,63,55
2198,23,19,19,15,3,0
2199,0,0,0,0,0,0
2200,0,0,0,0,0,0
2201,0,0,0,0,0,0
2202,0,0,0,0,0,0
2203,0,0,0,0,0,0
2204,0,0,0,0,0,0
2205,0,0,0,0,0,0
2206,0,0,0,0,0,0
2207,7,7,7,7,7,11
2208,43,43,43,43,39,39
2209,51,51,51,51,51,51
2210,43,43,43,43,43,43
2211,23,23,23,23,27,31
2212,0,0,0,0,3,7
2213,0,0,0,0,0,0
2214,0,0,0,0,0,0
2215,0,0,0,0,0,0
2216,0,0,0,0,0,0
2217,0,0,0,0,0,0
2218,0,0,0,0,0,0
2219,0,0,0,0,0,0
2220,0,0,0,0,0,0
2221,0,0,0,0,0,0
2222,0,0,0,0,0,0
2223,0,0,0,0,0,0
2224,0,0,0,0,0,0
2225,0,0,0,0,0,0
2226,0,0,0,0,0,0
2227,0,0,0,0,0,0
2228,0,0,0,0,0,0
2229,0,0,0,0,0,0
2230,0,0,0,0,0,0
2231,0,0,0,0,0,0
2232,0,0,0,0,0,0
2233,0,0,0,0,0,0
2234,0,0,0,0,0,0
2235,0,0,0,0,0,0
2236,0,0,0,0,0,0
2237,0,0,0,0,0,0
2238,0,0,0,0,0,0
2239,0,0,0,0,0,0
2240,0,0,0,0,0,0
2241,0,0,0,0,0,0
2242,0,0,0,0,0,0
2243,0,0,0,0,0,0
2244,0,0,0,0,0,0
2245,0,0,0,0,0,0
2246,0,0,0,0,0,0
2247,0,0,0,0,0,0
2248,0,0,0,0,0,0
2249,0,0,0,0,0,0
2250,0,0,0,0,0,0
2251,0,0,0,0,0,0
2252,0,0,0,0,0,0
2253,0,0,0,0,0,0
2254,0,0,0,0,0,0
2255,0,0,0,0,0,0
2256,0,0,0,0,0,0
2257,0,0,0,0,0,0
2258,0,0,0,0,0,0
2259,0,0,0,0,0,0
2260,0,0,0,0,0,0
2261,0,0,0,0,0,0
2262,0,0,0,0,0,0
2263,0,0,0,0,0,0
2264,0,0,0,0,0,0
2265,0,0,0,0,0,0
2266,0,0,0,0,0,0
2267,0,0,0,0,0,0
2268,0,0,0,0,0,0
2269,0,0,0,0,0,0
2270,0,0,0,0,0,0
2271,0,0,0,0,0,0
2272,0,0,3,7,19,23
2273,15,23,27,31,35,39
2274,31,35,39,39,43,47
2275,31,35,39,39,43,47
2276,255,255,255,255,255,255
2277,255,255,255,255,255,255
2278,255,255,255,255,255,255
2279,255,255,255,255,255,255
2280,255,255,255,255,255,255
2281,0,0,0,0,11,15
2282,0,0,0,0,0,0
2283,0,0,0,0,0,0
2284,0,0,0,0,0,0
2285,0,0,0,0,0,0
2286,0,0,0,0,0,0
2287,0,0,0,0,0,0
2288,0,0,0,0,0,0
2289,0,0,0,0,0,0
2290,0,0,0,0,0,0
2291,0,0,0,0,0,0
2292,0,0,0,0,0,0
2293,0,0,0,0,0,0
2294,0,0,0,0,0,0
2295,0,0,0,0,0,0
2296,0,0,0,0,0,0
2297,0,0,0,0,0,0
2298,0,0,0,0,0,0
2299,0,0,0,0,0,0
2300,0,3,7,11,23,27
2301,39,43,47,51,55,59
2302,51,55,59,59,63,67
2303,39,43,47,47,51,55
2304,131,131,131,131,131,131
2305,131,131,131,131,131,131
2306,131,131,131,131,131,131
2307,131,131,131,131,131,131
2308,131,131,131,131,131,131
2309,131,131,131,131,131,131
2310,131,131,131,131,131,131
2311,131,131,131,131,131,131
2312,131,131,131,131,131,131
2313,131,131,131,131,131,131
2314,131,131,131,131,131,131
2315,131,131,131,131,131,131
2316,131,131,131,131,131,131
2317,131,131,131,131,131,131
2318,131,131,131,131,131,131
2319,131,131,131,131,131,131
2320,131,131,131,131,131,131
2321,131,131,131,131,131,131
2322,131,131,131,131,131,131
2323,131,131,131,131,131,135
2324,175,187,195,199,215,219
2325,255,255,255,255,255,255
2326,255,255,255,255,255,255
2327,255,255,255,255,255,255
2328,255,255,255,255,255,255
2329,255,255,255,255,255,255
2330,255,255,255,255,255,255
2331,255,255,255,255,255,255
2332,187,183,183,183,183,183
2333,131,131,131,131,131,131
2334,131,131,131,131,131,131
2335,131,131,131,131,131,131
2336,131,131,131,131,131,131
2337,135,147,151,155,163,163
2338,187,195,199,203,211,215
2339,215,227,231,235,239,243
2340,223,235,239,243,247,251
2341,211,223,227,231,235,235
2342,183,191,195,195,199,199
2343,131,131,131,131,131,131
2344,131,131,131,131,131,131
2345,131,131,131,131,131,131
2346,131,131,131,131,131,131
2347,131,131,131,131,131,131
2348,131,131,131,131,131,131
2349,131,131,131,131,131,131
2350,131,131,131,131,131,131
2351,131,131,131,131,131,131
2352,131,131,131,131,131,131
2353,131,131,131,131,131,131
2354,131,131,131,131,131,131
2355,131,131,131,131,131,131
2356,131,131,131,131,131,131
2357,131,131,131,131,131,131
2358,131,131,131,131,131,131
2359,131,131,131,131,131,131
2360,131,131,131,131,131,131
2361,131,131,131,131,131,131
2362,131,131,131,131,131,131
2363,131,131,131,131,139,151
2364,255,255,255,255,255,255
2365,255,255,247,243,235,231
2366,195,183,179,175,171,167
2367,131,127,123,119,115,115
2368,87,83,83,83,79,79
2369,67,63,63,63,63,63
2370,63,63,63,63,63,63
2371,75,79,79,79,83,83
2372,95,103,107,107,111,111
2373,115,127,127,131,135,135
2374,139,147,151,151,155,159
2375,191,199,199,203,211,215
2376,235,239,243,247,255,255
2377,255,255,255,255,255,255
2378,255,255,255,255,255,255
2379,255,255,255,255,255,255
2380,255,255,255,255,255,255
2381,255,255,255,255,255,255
2382,255,255,255,255,255,255
2383,255,255,255,255,255,255
2384,255,255,255,255,255,255
2385,255,255,255,255,255,255
2386,255,255,255,255,255,255
2387,255,255,255,255,255,255
2388,255,255,255,255,255,255
2389,255,255,255,255,255,255
2390,255,255,255,255,255,255
2391,211,203,199,199,191,191
2392,139,131,131,131,131,131
2393,175,159,155,147,143,139
2394,219,199,195,187,179,179
2395,219,203,195,191,183,183
2396,131,131,131,131,131,131
2397,131,131,131,131,131,131
2398,131,131,131,131,135,139
2399,163,171,175,179,191,195
2400,207,219,223,231,239,247
2401,239,251,255,255,255,255
2402,255,255,255,255,255,255
2403,251,255,255,255,255,255
2404,219,223,223,227,231,235
2405,163,171,171,175,179,183
2406,131,131,131,131,131,135
2407,131,131,131,131,131,131
2408,131,131,131,135,135,135
2409,171,175,179,183,183,183
2410,199,207,207,211,211,211
2411,203,207,207,211,211,207
2412,187,187,191,191,191,187
2413,183,187,187,191,191,191
2414,223,227,227,231,231,235
2415,255,255,255,255,255,255
2416,255,255,255,255,255,255
2417,255,255,255,255,255,255
2418,255,255,255,255,255,255
2419,255,255,255,255,255,255
2420,255,255,255,255,255,255
2421,255,251,247,247,243,239
2422,239,235,235,231,227,227
2423,227,227,227,227,227,227
2424,223,227,227,227,231,231
2425,223,231,231,231,239,239
2426,231,235,235,239,243,243
2427,247,247,247,247,247,247
2428,255,255,255,255,255,255
2429,255,255,255,255,255,255
2430,255,255,255,255,255,255
2431,255,255,255,255,255,255
2432,255,255,255,255,255,255
2433,255,255,255,255,255,255
2434,255,255,255,255,255,255
2435,255,255,255,251,247,247
2436,235,235,235,231,227,227
2437,227,223,223,223,215,215
2438,219,215,215,211,207,207
2439,183,183,179,179,179,175
2440,163,163,163,163,163,159
2441,151,151,151,155,151,151
2442,147,147,151,151,147,147
2443,143,147,147,147,147,143
2444,135,139,139,139,139,139
2445,127,131,131,131,135,135
2446,123,127,127,131,131,135
2447,127,131,131,131,139,139
2448,135,139,139,143,147,151
2449,163,171,171,175,183,183
2450,183,187,187,191,195,195
2451,199,199,199,199,199,199
2452,211,211,207,207,207,207
2453,227,227,227,227,227,227
2454,255,255,255,255,255,255
2455,255,255,255,255,255,255
2456,255,255,255,255,255,255
2457,255,255,255,255,255,255
2458,255,255,255,255,255,255
2459,255,255,255,255,255,255
2460,255,255,255,255,255,255
2461,255,255,255,255,255,255
2462,255,255,255,255,255,255
2463,255,255,255,255,255,255
2464,235,231,231,227,227,227
2465,203,199,199,199,199,195
2466,171,171,171,171,171,171
2467,167,167,167,171,171,171
2468,187,195,195,199,203,203
2469,227,231,235,239,243,243
2470,255,255,255,255,255,255
2471,255,255,255,255,255,255
2472,255,255,255,255,255,255
2473,255,255,255,255,255,255
2474,255,255,255,255,255,255
2475,255,255,255,255,255,255
2476,255,255,255,255,255,255
2477,255,255,255,255,255,255
2478,255,255,255,255,255,255
2479,255,255,255,255,255,255
2480,255,255,255,255,255,255
2481,255,255,255,255,255,255
2482,255,255,255,255,255,255
2483,255,255,255,255,255,255
2484,255,255,255,255,255,255
2485,255,255,255,255,255,255
2486,255,255,255,255,255,255
2487,255,255,255,255,255,255
2488,255,255,255,255,255,255
2489,255,255,255,255,255,255
2490,255,255,255,255,255,255
2491,255,255,255,255,255,255
2492,255,255,255,255,255,255
2493,255,255,255,255,255,255
2494,235,235,231,231,231,231
2495,247,247,247,247,243,243
2496,255,255,255,255,255,255
2497,255,255,255,255,255,255
2498,131,131,131,131,131,131
2499,131,131,131,131,131,131
2500,131,131,131,135,151,159
2501,255,255,255,255,255,255
2502,211,171,155,139,107,91
2503,0,0,0,0,0,0
2504,0,0,0,0,0,0
2505,0,0,0,0,0,0
2506,0,0,0,0,0,0
2507,0,0,0,0,0,0
2508,0,0,0,0,0,0
2509,0,0,0,0,0,0
2510,0,0,0,0,0,0
2511,139,147,147,151,155,155
2512,255,255,255,255,255,255
2513,255,255,255,255,255,255
2514,243,243,243,247,247,247
2515,255,255,255,255,255,255
2516,255,255,255,255,255,255
2517,255,255,255,255,255,255
2518,255,255,255,255,255,255
2519,255,255,255,251,243,239
2520,235,223,219,215,207,203
2521,207,199,195,195,187,187
2522,195,191,191,187,183,183
2523,203,203,203,199,199,199
2524,247,239,239,235,227,223
2525,171,159,155,151,143,139
2526,71,63,63,59,51,51
2527,0,0,0,0,0,0
2528,0,0,0,0,0,0
2529,0,0,0,0,0,0
2530,0,0,0,0,0,0
2531,0,0,0,0,0,0
2532,23,31,35,39,43,43
2533,63,67,71,75,83,83
2534,123,131,135,135,139,139
2535,163,167,167,167,163,163
2536,195,191,191,191,183,179
2537,215,215,211,211,203,199
2538,239,239,235,235,231,227
2539,255,255,255,255,251,247
2540,255,255,255,255,255,251
2541,243,243,243,239,239,235
2542,195,199,199,199,199,199
2543,159,159,159,159,159,159
2544,131,131,131,131,131,131
2545,123,123,123,123,123,123
2546,131,131,131,131,135,135
2547,143,147,147,147,147,147
2548,163,167,167,167,167,163
2549,175,175,179,175,175,171
2550,167,167,167,167,163,159
2551,131,127,127,127,123,119
2552,87,83,83,79,79,79
2553,47,43,43,43,43,43
2554,27,27,23,23,27,27
2555,23,23,23,23,23,23
2556,47,43,43,43,43,47
2557,63,63,67,67,67,67
2558,95,95,99,99,103,103
2559,139,139,143,143,147,151
2560,195,199,199,199,207,207
2561,255,255,255,255,255,255
2562,255,255,255,255,255,255
2563,255,255,255,255,255,255
2564,243,247,251,251,255,255
2565,215,227,231,231,239,239
2566,255,255,255,255,255,255
2567,255,255,255,255,255,255
2568,163,167,171,175,183,187
2569,83,87,91,95,107,111
2570,35,39,43,47,59,63
2571,19,23,27,31,39,47
2572,27,31,35,39,51,55
2573,55,63,67,71,79,79
2574,95,103,107,111,115,119
2575,123,131,135,139,143,143
2576,143,147,151,151,155,155
2577,163,163,163,163,163,159
2578,179,179,179,179,179,179
2579,215,215,215,215,215,211
2580,255,255,255,255,255,255
2581,255,255,255,255,255,255
2582,255,255,255,255,255,255
2583,255,255,255,255,255,255
2584,255,255,255,255,255,255
2585,255,255,255,255,255,255
2586,255,255,255,255,255,255
2587,255,255,255,255,255,255
2588,119,123,123,127,127,127
2589,83,87,87,91,91,95
2590,71,75,79,79,83,83
2591,75,83,87,87,91,91
2592,91,99,103,107,107,107
2593,107,115,115,119,119,119
2594,111,111,115,115,111,111
2595,99,99,99,99,95,95
2596,83,83,83,83,83,83
2597,67,71,71,71,71,71
2598,47,51,51,51,51,51
2599,35,35,35,35,31,31
2600,15,15,15,11,7,3
2601,0,0,0,0,0,0
2602,0,0,0,0,0,0
2603,0,0,0,0,0,0
2604,0,0,0,0,0,0
2605,0,0,0,0,0,0
2606,0,0,0,0,0,0
2607,23,19,19,15,15,11
2608,75,75,71,71,67,67
2609,255,255,255,255,255,255
2610,255,255,255,255,255,255
2611,255,255,255,255,255,255
2612,243,243,243,243,243,243
2613,179,183,183,183,187,187
2614,183,187,191,191,195,199
2615,227,231,231,235,239,239
2616,255,255,255,255,255,255
2617,0,0,0,0,0,0
2618,0,0,0,0,0,0
2619,0,0,0,0,0,0
2620,0,0,0,0,0,0
2621,0,0,0,0,0,0
2622,0,0,0,0,0,0
2623,0,0,0,0,0,0
2624,0,0,0,0,0,0
2625,0,0,0,0,0,0
2626,0,0,0,0,0,0
2627,0,0,0,0,0,0
2628,0,0,0,0,0,0
2629,0,0,0,0,0,0
2630,0,0,0,0,0,0
2631,0,0,0,0,0,0
2632,0,0,0,0,0,0
2633,0,0,0,0,0,0
2634,0,0,0,0,0,0
2635,0,0,0,0,0,0
2636,0,0,0,0,0,0
2637,0,0,0,0,0,0
2638,0,0,0,0,0,0
2639,0,0,0,0,0,0
2640,0,0,0,0,0,0
2641,0,0,0,0,0,0
2642,0,0,0,0,0,0
2643,0,0,0,0,0,0
2644,0,0,0,0,0,0
2645,0,0,0,0,0,0
2646,0,0,0,0,0,0
2647,0,0,0,0,0,0
2648,0,0,0,0,0,0
2649,0,0,0,0,0,0
2650,0,0,0,0,0,0
2651,0,0,0,0,0,0
2652,0,0,0,0,0,0
2653,0,0,0,0,0,0
2654,0,0,0,0,0,0
2655,0,0,0,0,0,0
2656,0,0,0,0,0,0
2657,0,0,0,0,0,0
2658,0,0,0,0,0,0
2659,0,0,0,0,0,0
2660,0,0,0,0,0,0
2661,0,0,0,0,0,0
2662,0,0,0,0,0,0
2663,0,0,0,0,0,0
2664,0,0,0,0,0,0
2665,0,0,0,0,0,0
2666,0,0,0,0,0,0
2667,0,0,0,0,0,0
2668,0,0,0,0,0,0
2669,0,0,0,0,0,0
2670,0,0,0,0,0,0
2671,0,0,0,0,0,0
2672,0,0,0,0,0,0
2673,0,0,0,0,0,0
2674,0,0,0,0,0,0
2675,0,0,0,0,0,0
2676,3,7,11,15,23,27
2677,31,31,35,35,43,43
2678,35,39,39,39,39,43
2679,39,39,39,39,39,43
2680,43,43,43,47,51,51
2681,51,55,55,59,63,67
2682,63,67,67,67,75,75
2683,63,67,67,67,67,67
2684,27,27,27,23,19,15
2685,11,3,0,0,0,0
2686,0,0,0,0,0,0
2687,0,0,0,0,0,0
2688,0,0,0,0,0,0
2689,0,0,0,0,0,0
2690,0,0,0,0,0,0
2691,0,0,0,0,0,0
2692,0,0,0,0,0,0
2693,0,0,0,0,0,0
2694,0,0,0,0,0,0
2695,0,0,0,0,0,0
2696,0,0,0,0,0,0
2697,0,0,0,0,0,0
2698,0,0,0,0,0,0
2699,0,0,0,0,0,0
2700,0,0,0,0,3,7
2701,43,51,55,63,75,79
2702,111,119,123,127,135,139
2703,159,167,171,175,183,187
2704,191,195,199,203,207,211
2705,211,211,207,211,211,211
2706,231,231,231,231,231,231
2707,255,255,255,255,255,255
2708,255,255,255,255,255,255
2709,255,255,255,255,255,255
2710,255,255,255,255,255,255
2711,255,255,255,255,255,255
2712,255,255,255,255,255,255
2713,255,255,255,255,255,255
2714,255,255,255,255,255,255
2715,251,251,251,251,255,255
2716,247,255,255,255,255,255
2717,255,255,255,255,255,255
2718,255,255,255,255,255,255
2719,255,255,255,255,255,255
2720,255,255,255,255,255,255
2721,235,239,239,243,251,251
2722,159,163,167,171,179,183
2723,107,115,115,119,127,135
2724,83,87,87,91,99,103
2725,75,79,79,83,91,95
2726,87,91,91,91,95,95
2727,79,83,83,87,87,87
2728,67,71,71,71,71,71
2729,59,59,59,59,55,51
2730,47,47,47,47,39,35
2731,23,23,23,23,19,19
2732,0,0,0,0,0,0
2733,0,0,0,0,0,0
2734,0,0,0,0,0,0
2735,0,0,0,0,0,0
2736,0,0,0,0,0,0
2737,0,0,0,0,0,0
2738,0,0,0,0,0,0
2739,0,0,0,0,0,0
2740,0,0,0,0,0,0
2741,0,0,0,0,0,0
2742,0,0,0,0,0,0
2743,0,0,0,0,0,0
2744,0,0,0,0,0,0
2745,0,0,0,0,0,0
2746,0,0,0,0,0,0
2747,0,0,0,0,0,0
2748,0,0,0,0,0,0
2749,0,0,0,0,0,0
2750,0,0,0,0,0,0
2751,0,0,0,0,3,3
2752,0,0,0,0,3,3
2753,0,0,0,0,0,3
2754,3,3,3,3,3,3
2755,11,11,11,11,11,11
2756,15,19,19,19,19,15
2757,23,31,31,31,27,23
2758,31,31,27,23,19,19
2759,11,11,7,3,0,0
2760,0,0,0,0,0,0
2761,0,0,0,0,0,0
2762,0,0,0,0,0,0
2763,0,0,0,0,0,0
2764,0,0,0,0,0,0
2765,0,0,0,0,0,0
2766,0,0,0,0,0,0
2767,7,7,7,7,3,3
2768,15,15,15,15,11,11
2769,19,15,15,15,15,15
2770,19,19,19,19,15,15
2771,27,23,23,23,23,23
2772,31,31,31,27,27,27
2773,35,31,31,31,31,31
2774,39,35,35,31,31,31
2775,39,35,35,31,31,27
2776,31,31,31,27,27,27
2777,23,23,23,23,27,31
2778,11,11,15,15,23,27
2779,0,0,0,0,0,0
2780,0,0,0,0,0,0
2781,0,0,0,0,0,0
2782,0,0,0,0,0,0
2783,0,0,0,0,0,0
2784,0,0,0,0,0,0
2785,0,0,0,0,0,0
2786,0,0,0,0,0,0
2787,0,0,0,0,0,0
2788,0,0,0,0,0,0
2789,0,0,0,0,0,0
2790,0,0,0,0,0,0
2791,0,0,0,0,0,0
2792,0,0,0,0,0,0
2793,0,0,0,0,0,0
2794,0,0,0,0,0,0
2795,0,0,0,0,0,0
2796,0,0,0,0,0,0
2797,0,0,0,0,0,0
2798,0,0,0,0,0,0
2799,0,0,0,0,0,0
2800,0,0,0,0,0,0
2801,0,0,0,0,0,0
2802,0,0,0,0,0,0
2803,0,0,0,0,0,0
2804,0,0,0,0,0,0
2805,0,0,0,0,0,0
2806,0,0,0,0,0,0
2807,0,0,0,0,0,0
2808,0,0,0,0,0,0
2809,0,0,0,0,0,0
2810,0,0,0,0,0,0
2811,0,0,0,0,0,0
2812,0,0,0,0,0,0
2813,0,0,0,0,0,0
2814,0,0,0,0,0,0
2815,0,0,0,0,0,0
2816,0,0,0,0,0,0
2817,0,0,0,0,0,0
2818,0,0,0,0,0,0
2819,0,0,0,0,0,0
2820,0,0,0,0,0,0
2821,0,0,0,0,0,0
2822,0,0,0,0,0,0
2823,0,0,0,0,0,0
2824,0,0,0,0,0,0
2825,0,0,0,0,0,0
2826,0,0,0,0,0,0
2827,0,0,0,0,0,0
2828,0,0,0,0,0,0
2829,0,0,0,0,0,0
2830,0,0,0,0,0,0
2831,0,0,0,0,0,0
2832,0,0,0,0,0,0
2833,0,0,0,0,0,0
2834,0,0,0,0,0,0
2835,0,0,0,0,0,0
2836,0,0,0,0,0,0
2837,0,0,0,0,0,0
2838,0,0,0,0,0,0
2839,0,0,0,0,0,0
2840,0,0,0,0,0,0
2841,0,0,0,0,0,0
2842,0,0,0,0,7,11
2843,19,23,23,27,31,31
2844,11,11,11,15,15,15
2845,0,0,0,0,0,0
2846,0,0,0,0,0,0
2847,0,0,0,0,0,0
2848,0,0,0,0,0,0
2849,0,0,0,0,0,0
2850,0,0,0,0,0,0
2851,0,0,0,0,0,0
2852,0,0,0,0,0,0
2853,0,0,0,0,0,0
2854,0,0,0,0,0,0
2855,0,0,0,0,0,0
2856,0,0,0,0,0,0
2857,0,0,0,0,0,0
2858,0,0,0,0,0,0
2859,0,0,0,0,0,3
2860,0,0,3,7,11,11
2861,0,0,3,3,11,15
2862,0,0,0,0,7,11
2863,0,0,0,0,3,7
2864,0,0,0,0,7,11
2865,11,19,23,31,39,47
2866,39,47,51,59,67,71
2867,71,75,75,79,91,95
2868,87,91,95,95,103,107
2869,111,115,119,119,127,131
2870,135,139,147,151,159,159
2871,155,167,171,175,183,187
2872,175,183,187,191,195,195
2873,191,199,203,203,203,199
2874,203,211,211,211,211,207
2875,191,199,199,203,207,207
2876,171,179,183,187,191,195
2877,159,167,171,175,183,187
2878,155,163,167,171,179,183
2879,167,171,171,175,179,183
2880,163,159,159,159,151,151
2881,63,55,47,39,27,23
2882,0,0,0,0,0,0
2883,0,0,0,0,0,0
2884,0,0,0,0,0,0
2885,0,0,0,0,0,0
2886,0,0,0,0,0,0
2887,0,0,0,0,0,0
2888,0,0,0,0,0,0
2889,0,0,0,0,0,0
2890,0,0,0,0,0,0
2891,0,0,0,0,0,0
2892,0,0,0,0,0,0
2893,0,0,0,0,0,0
2894,0,0,0,0,0,0
2895,0,0,0,0,0,0
2896,0,0,0,0,0,0
2897,0,0,0,0,0,0
2898,0,0,0,0,0,0
2899,0,0,0,0,0,0
2900,0,0,0,0,0,0
2901,0,0,0,0,0,0
2902,0,0,0,0,0,0
2903,0,0,0,0,0,0
2904,0,0,0,0,0,0
2905,0,0,0,0,0,0
2906,0,0,0,0,0,0
2907,0,0,0,0,0,0
2908,0,0,0,0,0,0
2909,0,0,0,0,0,0
2910,0,0,0,0,0,0
2911,0,0,0,0,0,0
2912,0,0,0,0,0,0
2913,0,0,0,0,0,0
2914,0,0,0,0,0,0
2915,0,0,0,0,0,0
2916,0,0,0,0,0,0
2917,0,0,0,0,0,0
2918,0,0,0,0,0,0
2919,0,0,0,0,0,0
2920,0,0,0,0,0,0
2921,0,0,0,0,0,0
2922,0,0,0,0,0,0
2923,0,0,0,0,0,0
2924,0,0,0,0,0,0
2925,0,0,0,0,0,0
2926,0,0,0,0,0,0
2927,0,0,0,0,0,0
2928,0,0,0,0,0,0
2929,0,0,0,0,0,0
2930,0,0,0,0,0,0
2931,0,0,0,0,0,0
2932,0,0,0,0,0,0
2933,0,0,0,0,0,0
2934,0,0,0,0,0,0
2935,0,0,0,0,0,0
2936,0,0,0,0,0,0
2937,0,0,0,0,0,0
2938,0,0,0,0,7,15
2939,0,3,7,11,19,23
2940,0,3,7,7,11,15
2941,0,0,3,3,7,7
2942,0,0,0,0,0,0
2943,0,0,0,0,0,0
2944,0,0,0,0,0,0
2945,0,0,0,0,0,0
2946,0,0,0,0,0,0
2947,0,0,0,0,0,0
2948,0,0,0,0,0,0
2949,0,0,0,0,0,0
2950,0,0,0,0,0,0
2951,0,0,0,0,0,0
2952,0,0,0,0,0,0
2953,0,0,0,0,0,0
2954,3,7,7,11,11,11
2955,7,15,15,19,19,19
2956,7,11,15,15,19,19
2957,0,3,7,7,11,7
2958,0,0,0,0,0,0
2959,0,0,0,0,0,0
2960,0,0,0,0,0,0
2961,0,0,0,0,0,0
2962,0,0,0,0,0,0
2963,0,0,0,0,0,0
2964,0,0,0,0,0,0
2965,0,0,0,0,0,0
2966,0,0,0,0,0,0
2967,0,0,0,0,0,0
2968,0,0,0,0,0,0
2969,0,0,0,0,0,0
2970,0,0,0,0,0,0
2971,0,0,0,0,0,0
2972,0,0,0,0,0,0
2973,0,0,0,0,0,0
2974,0,0,0,0,0,0
2975,0,0,0,0,0,0
2976,0,0,0,0,0,0
2977,0,0,0,0,0,0
2978,0,0,0,0,0,0
2979,0,0,0,0,0,0
2980,0,0,0,0,0,0
2981,0,0,0,0,0,0
2982,0,0,0,0,0,0
2983,0,0,0,0,0,0
2984,0,0,0,0,0,0
2985,0,0,0,0,0,0
2986,0,0,0,0,0,0
2987,0,0,0,0,0,0
2988,0,0,0,0,0,0
2989,0,0,0,0,0,0
2990,0,0,0,0,0,0
2991,0,0,0,0,0,0
2992,0,0,0,0,0,0
2993,0,0,0,0,0,0
2994,0,0,0,0,0,0
2995,0,0,0,0,0,0
2996,0,0,0,0,0,0
2997,0,0,0,0,0,0
2998,3,7,7,7,7,7
2999,3,7,7,7,7,7
3000,0,0,0,0,0,0
3001,0,0,0,0,0,0
3002,0,0,0,0,0,0
3003,0,0,0,0,0,0
3004,0,0,0,0,0,0
3005,0,0,0,0,0,0
3006,0,0,0,0,0,0
3007,0,0,0,0,0,0
3008,0,0,0,0,0,0
3009,0,0,0,0,0,0
3010,0,0,0,0,0,0
3011,0,0,0,0,0,0
3012,0,0,0,0,3,3
3013,27,35,39,43,51,51
3014,107,111,115,115,119,119
3015,123,127,131,131,131,127
3016,135,139,139,139,139,139
3017,139,147,151,151,155,155
3018,151,159,163,167,171,171
3019,163,171,175,179,179,179
3020,183,187,187,187,183,183
3021,195,195,191,191,187,183
3022,199,195,195,195,191,187
3023,195,195,195,191,191,191
3024,203,203,203,203,207,207
3025,203,203,207,207,215,219
3026,199,199,203,207,215,219
3027,203,203,207,211,219,223
3028,219,223,223,227,231,231
3029,251,251,251,251,251,251
3030,255,255,255,255,255,255
3031,255,255,255,255,255,255
3032,255,255,255,255,255,255
3033,255,255,255,255,255,255
3034,255,255,255,255,255,255
3035,255,255,255,255,255,255
3036,255,255,255,255,255,255
3037,255,255,255,255,255,255
3038,255,255,255,255,255,255
3039,255,255,255,255,255,255
3040,255,255,255,255,255,255
3041,255,247,243,243,239,235
3042,235,227,223,223,219,215
3043,215,215,211,211,211,207
3044,199,199,199,199,199,199
3045,187,187,187,187,187,187
3046,195,195,191,191,191,191
3047,211,211,207,207,207,207
3048,223,223,223,223,219,219
3049,223,223,219,219,215,215
3050,227,223,223,219,219,215
3051,227,227,223,223,223,223
3052,231,231,227,227,227,227
3053,231,223,215,211,207,203
3054,95,83,75,71,59,55
3055,0,0,0,0,0,0
3056,0,0,0,0,0,0
3057,0,0,0,0,0,0
3058,0,0,0,0,0,0
3059,0,0,0,0,0,0
3060,0,0,0,0,0,0
3061,0,0,0,0,0,0
3062,0,0,0,0,0,0
3063,0,0,0,0,0,0
3064,0,0,0,0,0,0
3065,0,0,0,0,0,0
3066,0,7,7,7,11,15
3067,107,111,111,111,111,111
3068,115,111,111,107,99,95
3069,91,83,75,71,63,55
3070,51,43,39,35,27,23
3071,15,15,11,11,3,0
3072,0,0,0,0,0,0
3073,0,0,0,0,0,0
3074,0,0,0,0,0,0
3075,0,0,0,0,0,0
3076,0,0,0,0,0,0
3077,0,0,0,0,0,0
3078,0,0,0,0,0,0
3079,0,0,0,0,0,0
3080,0,0,0,0,0,0
3081,63,63,59,63,63,63
3082,103,103,107,107,111,115
3083,131,139,143,147,159,163
3084,151,159,167,171,183,187
3085,175,183,187,191,199,199
3086,207,211,211,215,219,219
3087,235,235,235,235,239,239
3088,251,247,243,243,243,247
3089,247,239,239,239,235,235
3090,231,227,223,223,219,215
3091,207,203,203,199,195,195
3092,183,179,179,179,175,175
3093,147,147,147,147,147,147
3094,87,83,79,79,71,67
3095,0,0,0,0,0,0
3096,0,0,0,0,0,0
3097,0,0,0,0,0,0
3098,0,0,0,0,0,0
3099,0,0,0,0,0,0
3100,0,0,0,0,0,0
3101,0,0,0,0,0,0
3102,0,0,0,0,0,0
3103,0,0,0,0,0,0
3104,0,0,0,0,0,0
3105,0,0,0,0,0,0
3106,0,0,0,0,0,0
3107,19,23,23,27,31,31
3108,67,71,75,79,87,87
3109,123,131,135,139,151,155
3110,199,203,203,203,207,211
3111,207,207,207,207,207,207
3112,191,191,191,187,187,187
3113,163,163,163,163,163,163
3114,143,143,139,139,143,143
3115,139,139,139,139,143,143
3116,151,155,155,159,163,163
3117,187,191,195,195,199,203
3118,235,243,243,247,251,251
3119,255,255,255,255,255,255
3120,255,255,255,255,255,255
3121,255,255,255,255,255,255
3122,255,255,255,255,255,255
3123,255,255,255,255,255,255
3124,255,255,255,255,255,255
3125,255,255,255,255,255,255
3126,255,255,255,255,255,255
3127,255,255,255,255,255,255
3128,255,255,255,255,255,255
3129,255,255,255,255,255,255
3130,255,255,255,255,255,255
3131,255,255,255,255,255,255
3132,255,255,255,255,255,255
3133,255,255,255,255,255,255
3134,255,255,255,255,255,255
3135,255,255,255,255,255,255
3136,255,255,255,255,255,255
3137,255,255,255,255,255,255
3138,255,255,255,255,255,255
3139,255,255,255,255,255,255
3140,255,255,255,255,255,255
3141,255,255,255,255,255,255
3142,219,223,227,231,239,243
3143,211,219,223,227,235,243
3144,227,235,239,239,247,251
3145,251,255,255,255,255,255
3146,255,239,231,223,203,195
3147,0,0,0,0,0,0
3148,0,0,0,0,0,0
3149,0,0,0,0,0,0
3150,0,0,0,0,0,0
3151,0,0,0,0,0,0
3152,0,0,0,0,0,0
3153,0,0,0,0,0,0
3154,55,55,55,59,59,63
3155,107,107,107,103,103,103
3156,135,131,131,131,127,127
3157,163,159,159,159,155,155
3158,195,191,191,187,183,183
3159,235,231,231,227,223,219
3160,255,255,255,255,255,255
3161,255,255,255,255,255,255
3162,255,255,255,255,255,255
3163,255,255,255,255,255,255
3164,255,255,255,255,255,255
3165,171,175,175,175,179,179
3166,131,131,131,131,131,131
3167,131,131,131,131,131,131
3168,131,131,131,131,135,139
3169,135,147,155,159,171,179
3170,167,179,187,195,211,219
3171,199,211,219,227,243,247
3172,223,235,239,247,255,255
3173,251,255,255,255,255,255
3174,255,255,255,255,255,255
3175,255,255,255,255,255,255
3176,255,255,255,255,255,255
3177,255,255,255,255,255,255
3178,255,255,255,255,251,255
3179,223,223,223,219,223,223
3180,215,215,215,219,223,227
3181,231,235,235,235,239,243
3182,251,251,251,251,251,255
3183,251,251,251,247,247,247
3184,215,215,215,215,215,219
3185,219,227,227,231,235,239
3186,255,255,255,255,255,255
3187,255,255,255,251,239,235
3188,143,135,127,119,107,103
3189,55,47,39,35,23,19
3190,0,0,0,0,0,0
3191,0,0,0,0,0,0
3192,0,0,0,0,0,0
3193,0,0,0,0,0,0
3194,0,0,0,0,0,0
3195,119,127,127,127,131,127
3196,195,199,195,195,195,191
3197,243,247,243,243,239,235
3198,255,255,255,255,255,255
3199,255,255,255,255,255,255
3200,255,255,255,255,255,255
3201,255,255,255,255,255,255
3202,255,255,255,255,255,255
3203,255,255,255,255,255,255
3204,255,255,255,255,255,255
3205,187,191,195,195,203,203
3206,131,131,131,131,131,131
3207,131,131,131,131,131,131
3208,131,131,131,131,131,131
3209,131,131,131,131,131,131
3210,131,131,131,131,131,131
3211,131,131,131,131,131,131
3212,131,131,131,139,147,151
3213,171,183,191,199,211,215
3214,239,251,255,255,255,255
3215,255,255,255,255,255,255
3216,255,255,255,255,255,255
3217,255,255,255,255,255,255
3218,247,251,255,255,255,255
3219,203,207,211,211,215,219
3220,171,175,175,179,183,187
3221,147,151,151,151,155,159
3222,131,131,131,131,131,135
3223,131,131,131,131,131,131
3224,131,131,131,131,131,131
3225,131,131,131,131,131,131
3226,131,135,147,159,191,203
3227,255,255,255,243,219,211
3228,203,183,175,163,147,139
3229,159,143,131,123,111,103
3230,143,131,123,119,107,99
3231,151,139,135,127,119,111
3232,159,147,143,135,127,119
3233,151,139,131,123,111,107
3234,131,119,111,103,87,79
3235,115,99,91,79,63,59
3236,99,83,71,63,47,39
3237,83,71,67,59,51,43
3238,91,83,79,75,71,67
3239,111,107,107,103,103,99
3240,147,143,143,143,139,139
3241,187,187,187,183,183,183
3242,243,243,243,243,243,243
3243,255,255,255,255,255,255
3244,255,255,255,255,255,255
3245,219,219,219,215,215,215
3246,131,131,131,131,131,131
3247,131,131,131,131,131,131
3248,131,131,131,131,131,131
3249,131,131,131,131,131,131
3250,131,131,131,131,131,131
3251,131,131,131,131,131,131
3252,131,131,131,131,131,131
3253,131,131,131,131,131,131
3254,131,131,131,131,131,131
3255,131,131,131,131,131,131
3256,131,131,131,131,131,131
3257,131,131,131,135,147,155
3258,187,191,199,203,215,223
3259,255,255,255,255,255,255
3260,255,255,255,255,255,255
3261,255,255,255,255,255,255
3262,255,255,255,255,255,255
3263,255,255,255,255,255,255
3264,255,255,255,255,255,255
3265,255,255,255,255,255,255
3266,255,255,255,255,255,255
3267,255,255,255,255,255,255
3268,255,255,255,255,255,255
3269,255,255,255,255,255,255
3270,255,255,255,255,255,255
3271,255,255,255,255,255,255
3272,255,255,255,255,255,255
3273,255,255,255,255,255,255
3274,255,255,255,255,255,255
3275,255,255,255,255,255,255
3276,255,255,255,255,255,255
3277,255,255,255,255,255,255
3278,255,255,255,255,255,255
3279,247,255,255,255,255,255
3280,215,219,219,219,223,223
3281,239,243,243,243,247,247
3282,255,255,255,255,255,255
3283,255,255,255,255,255,255
3284,255,255,255,255,255,255
3285,255,255,255,255,255,255
3286,255,255,255,255,255,255
3287,195,199,203,203,207,211
3288,171,171,175,179,183,187
3289,175,175,179,179,183,187
3290,171,171,171,175,175,175
3291,131,131,131,131,131,131
3292,131,131,131,131,131,131
3293,131,131,131,131,131,131
3294,131,131,131,131,131,131
3295,131,131,131,131,131,131
3296,131,131,131,131,131,131
3297,131,131,131,131,131,131
3298,131,131,131,131,131,131
3299,131,131,131,131,131,131
3300,131,131,131,131,131,131
3301,131,131,131,131,131,131
3302,131,131,131,131,131,131
3303,131,131,131,131,131,131
3304,223,243,255,255,255,255
3305,255,255,255,255,255,255
3306,255,255,255,255,255,255
3307,255,255,255,255,255,255
3308,255,255,255,255,255,255
3309,255,255,255,255,255,255
3310,255,255,255,255,255,255
3311,255,255,255,255,255,255
3312,255,255,255,255,255,255
3313,255,255,255,255,255,255
3314,255,255,255,255,255,255
3315,255,255,255,255,255,255
3316,255,255,255,255,255,255
3317,255,255,255,255,255,255
3318,255,255,255,255,255,255
3319,255,255,255,255,255,255
3320,255,255,255,255,255,255
3321,255,255,255,255,255,255
3322,255,255,255,255,255,255
3323,255,255,255,255,255,255
3324,255,255,255,255,255,255
3325,255,255,255,255,255,255
3326,255,255,255,255,255,255
3327,231,243,247,251,255,255
3328,219,231,235,239,251,255
3329,215,223,231,235,247,251
3330,211,219,223,227,239,247
3331,203,211,215,219,235,239
3332,195,203,211,215,227,231
3333,191,195,199,199,207,211
3334,183,187,191,191,195,199
3335,175,179,179,183,187,191
3336,159,167,171,171,179,183
3337,143,147,151,155,163,163
3338,131,131,131,131,131,131
3339,131,131,131,131,131,131
3340,131,131,131,131,131,131
3341,131,131,131,131,131,131
3342,131,131,131,131,131,131
3343,131,131,131,131,131,131
3344,131,131,131,131,131,131
3345,131,131,131,131,131,131
3346,227,227,223,219,211,207
3347,255,255,255,255,255,255
3348,255,255,255,255,255,255
3349,255,255,255,255,255,255
3350,255,255,255,255,255,255
3351,159,159,159,155,151,151
3352,131,131,131,131,131,131
3353,131,131,131,131,131,131
3354,131,131,131,131,131,131
3355,131,131,131,131,131,131
3356,131,131,131,131,131,131
3357,131,131,131,131,131,131
3358,203,203,203,203,207,211
3359,255,255,255,255,255,255
3360,255,255,255,255,255,255
3361,255,255,255,255,255,255
3362,255,255,255,255,255,255
3363,255,255,255,255,255,255
3364,251,251,251,255,255,255
3365,159,159,163,163,163,167
3366,131,131,131,131,131,131
3367,131,131,131,131,131,131
3368,131,131,131,131,131,131
3369,131,131,131,131,131,131
3370,131,131,131,131,131,131
3371,131,131,131,131,131,131
3372,131,131,131,131,131,131
3373,131,131,131,131,131,131
3374,131,131,131,131,131,131
3375,131,131,131,131,131,131
3376,131,131,131,131,131,131
3377,131,131,131,131,131,131
3378,131,131,131,131,131,131
3379,131,131,131,131,131,131
3380,131,131,131,131,131,131
3381,131,131,131,131,131,131
3382,131,131,131,131,131,131
3383,131,131,131,131,131,131
3384,131,131,131,131,131,131
3385,131,131,131,131,131,131
3386,131,131,131,131,131,131
3387,131,131,131,131,131,131
3388,131,131,131,131,131,131
3389,131,131,131,131,131,131
3390,131,131,131,131,131,131
3391,131,131,131,131,131,131
3392,131,131,131,131,131,131
3393,131,131,131,131,131,131
3394,131,131,131,131,131,131
3395,131,131,131,131,131,131
3396,131,131,131,131,131,131
3397,131,131,131,131,131,131
3398,131,131,131,131,131,131
3399,131,131,131,131,131,135
3400,131,143,151,159,175,183
3401,143,159,167,175,191,195
3402,143,155,163,167,183,187
3403,131,139,143,151,163,167
3404,131,131,131,131,139,143
3405,131,131,131,131,131,131
3406,131,131,131,131,131,131
3407,131,131,131,131,131,131
3408,131,131,131,131,131,131
3409,131,131,131,131,131,131
3410,131,131,131,131,131,131
3411,131,131,131,131,131,131
3412,131,131,131,131,131,131
3413,131,131,131,131,131,131
3414,131,131,131,131,131,131
3415,131,131,131,131,131,131
3416,131,131,131,131,131,131
3417,131,131,131,131,131,131
3418,131,131,131,131,131,131
3419,131,131,131,131,131,131
3420,131,131,131,131,131,131
3421,131,131,131,131,131,143
3422,131,151,163,175,199,211
3423,195,211,219,231,247,255
3424,243,251,255,255,255,255
3425,255,255,255,255,255,255
3426,255,255,255,255,255,255
3427,255,255,255,255,255,255
3428,215,215,219,219,219,219
3429,11,15,15,15,19,19
3430,0,3,3,3,7,7
3431,39,43,43,43,47,47
3432,131,131,131,135,135,135
3433,239,247,251,255,255,255
3434,207,211,215,215,223,227
3435,199,199,199,199,203,203
3436,195,191,187,183,183,183
3437,175,163,159,159,155,155
3438,131,131,131,131,131,131
3439,131,131,131,131,131,131
3440,131,131,131,131,131,131
3441,131,131,131,131,131,131
3442,131,131,131,131,131,131
3443,131,131,131,131,131,131
3444,131,131,131,131,131,131
3445,131,131,131,131,131,131
3446,131,131,131,131,131,131
3447,131,131,131,131,131,131
3448,131,131,131,131,131,131
3449,131,131,131,131,131,131
3450,131,131,131,131,139,151
3451,179,191,199,207,223,227
3452,251,255,255,255,255,255
3453,255,255,255,255,255,255
3454,255,255,255,255,255,255
3455,255,255,255,255,255,255